"""TOA5"",""SVRI_AB"",""CR1000"",""56897"",""CR1000.Std.29"",""CPU:SVRI_2018_AB.CR1"",""47300"",""RH_and_Refs_30min_AB"""
"""TIMESTAMP"",""RECORD"",""Batt_volt_Min"",""PTemp"",""Air_T_one_A_Avg"",""RH_one_A_Avg"",""Air_T_two_A_Avg"",""RH_two_A_Avg"",""Air_T_three_A_Avg"",""RH_three_A_Avg"",""Air_T_four_B_Avg"",""Air_Temp_four_B_Avg"",""Air_T_five_B_Avg"",""RH_five_B_Avg"",""Air_T_six_B_Avg"",""RH_six_B_Avg"""
"""TS"",""RN"","""","""","""","""","""","""","""","""","""","""","""","""","""","""""
""""","""",""Min"",""Smp"",""Avg"",""Avg"",""Avg"",""Avg"",""Avg"",""Avg"",""Avg"",""Avg"",""Avg"",""Avg"",""Avg"",""Avg"""
"""2018-06-14 14:30:00"",53,13,36.32,-3.872335,38.7713,-2.995507,36.3947,-4.159159,35.74632,-47.32444,-1.190035,-40.21016,-0.04462537,-40.21299,-0.07632294"
"""2018-06-14 15:00:00"",54,12.89,37.27,-2.295635,39.41351,-1.358917,38.51474,-2.192364,37.64907,-47.73236,-1.27024,-40.22554,-0.02875773,-40.20138,-0.08043119"
"""2018-06-14 15:30:00"",55,12.78,37.69,-0.7553062,40.85795,0.2424325,39.69287,-0.7270386,38.94916,-48.01542,-1.328999,-40.23809,-0.0273255,-40.19339,-0.07865974"
"""2018-06-14 16:00:00"",56,12.75,37.82,0.3029254,41.93514,1.435935,40.60814,0.501968,40.28747,-48.30605,-1.390661,-40.25441,-0.02751395,-40.17605,-0.08099654"
"""2018-06-14 16:30:00"",57,12.74,37.74,1.776693,42.80523,2.900506,42.19178,2.222457,42.01471,-48.68001,-1.468793,-40.27084,-0.02721243,-40.1583,-0.07990352"
"""2018-06-14 17:00:00"",58,12.73,36.85,3.092576,44.11119,4.183599,43.43107,3.440118,43.32384,-48.96774,-1.537238,-40.29052,-0.0347505,-40.12547,-0.06309363"
"""2018-06-14 17:30:00"",59,12.73,35.87,5.207118,45.3059,6.415206,45.40375,5.530802,45.55043,-49.45368,-1.641527,-40.31683,-0.05137194,-40.0937,-0.05585708"
"""2018-06-14 18:00:00"",60,12.73,35.48,5.846949,45.71993,7.016443,45.97325,6.140934,46.21499,-49.59886,-1.674808,-40.3256,-0.05487714,-40.07862,-0.05427409"
"""2018-06-14 18:30:00"",61,12.73,34.46,3.888144,43.71989,5.066759,44.17708,4.422367,44.1669,-49.15894,-1.587932,-40.3088,-0.054651,-40.06242,-0.04183628"
"""2018-06-14 19:00:00"",62,12.74,33.29,-5.890824,33.53227,-4.62967,34.58409,-4.787179,34.53166,-47.06794,-1.1555,-40.21725,-0.03705037,-40.05725,-0.03927425"
"""2018-06-14 19:30:00"",63,12.71,32.04,-13.18461,26.30008,-12.08293,27.05979,-11.96064,27.23943,-45.49716,-0.8384572,-40.14944,-0.03019678,-40.05063,-0.02729398"
"""2018-06-14 20:00:00"",64,12.7,30.4,-17.38888,21.84642,-16.34896,22.37733,-16.3683,23.04973,-44.59887,-0.6612844,-40.11224,-0.0268435,-40.03766,-0.02812539"
"""2018-06-14 20:30:00"",65,12.7,27.91,-24.04336,15.57855,-23.31506,15.77127,-23.93926,16.00729,-43.1731,-0.3955945,-40.06213,-0.01632613,-40.02782,-0.02718537"
"""2018-06-14 21:00:00"",66,12.69,25.1,-32.17607,7.486307,-31.52297,7.321609,-32.61197,7.900643,-41.57969,-0.133432,-40.01433,-0.003959935,-40.01353,-0.02194956"
"""2018-06-14 21:30:00"",67,12.67,23.24,-35.47452,4.097329,-34.67951,4.033287,-35.62478,4.880497,-40.97356,-0.01071119,-39.99099,-0.002489247,-40.00143,-0.01357768"
"""2018-06-14 22:00:00"",68,12.66,22.03,-37.99764,1.644015,-37.10071,1.410156,-38.16274,2.372762,-40.46884,0.04929894,-39.97805,-0.005280394,-40.00098,-0.01357905"
"""2018-06-14 22:30:00"",69,12.65,21.1,-40.92479,-1.325421,-40.04491,-1.535792,-41.13735,-0.5514436,-39.87874,0.09884667,-39.96888,-0.0001886393,-40,-0.01358191"
"""2018-06-14 23:00:00"",70,12.64,20.26,-44.00497,-4.340416,-43.1729,-4.592217,-44.21802,-3.695332,-39.23946,0.2787769,-39.94827,-0.002603278,-40.00528,-0.01358231"
"""2018-06-14 23:30:00"",71,12.63,19.55,-46.25953,-6.892282,-45.46316,-6.810411,-46.42071,-5.916618,-38.79215,0.3649122,-39.92918,-0.004451988,-40.00343,-0.01358234"
"""2018-06-15 00:00:00"",72,12.62,18.95,-47.49137,-8.057573,-46.53193,-7.879493,-47.38955,-6.908242,-38.59204,0.4354272,-39.91885,0,-40.0029,-0.01358234"
"""2018-06-15 00:30:00"",73,12.61,18.46,-49.96997,-10.43414,-48.96106,-10.61339,-49.96736,-9.494057,-38.07255,0.5314468,-39.89692,0,-40.0003,-0.01358234"
"""2018-06-15 01:00:00"",74,12.6,18.07,-51.56329,-12.49477,-50.68409,-12.01558,-51.51348,-10.99347,-37.77155,0.5834748,-39.89183,0,-40.00603,-0.01795887"
"""2018-06-15 01:30:00"",75,12.59,17.82,-52.3457,-13.38245,-51.1754,-12.53405,-51.87975,-11.32322,-37.70628,0.594831,-39.89161,-0.0003772873,-40.01358,-0.02716468"
"""2018-06-15 02:00:00"",76,12.59,17.66,-49.96656,-11.11209,-48.70067,-10.51763,-49.61002,-8.921475,-38.18713,0.5080027,-39.90371,-0.0129793,-40.02396,-0.02716593"
"""2018-06-15 02:30:00"",77,12.58,17.41,-49.45731,-9.667217,-48.31359,-10.78668,-49.61858,-9.160199,-38.13807,0.5160164,-39.90525,-0.01298054,-40.02747,-0.02716863"
"""2018-06-15 03:00:00"",78,12.57,16.96,-53.1447,-13.06492,-52.24561,-14.87876,-53.61841,-13.77419,-37.21772,0.6804748,-39.87184,-3.773604E-005,-40.03577,-0.02717063"
"""2018-06-15 03:30:00"",79,12.57,16.49,-56.71041,-16.62735,-55.90985,-18.0278,-57.03083,-17.0888,-36.56376,0.7979965,-39.85149,0,-40.04544,-0.03011733"
"""2018-06-15 04:00:00"",80,12.56,16.07,-59.07315,-19.08867,-58.17914,-21.00537,-59.48318,-19.42208,-36.11179,0.8734517,-39.83307,-0.0001509662,-40.0694,-0.0301932"
"""2018-06-15 04:30:00"",81,12.55,15.77,-60.69365,-20.86103,-59.72475,-21.89466,-60.89798,-20.64617,-35.88568,0.9110808,-39.82027,-0.01298309,-40.11081,-0.04683725"
"""2018-06-15 05:00:00"",82,12.54,15.48,-63.34257,-23.61386,-62.41832,-24.53196,-63.57035,-23.29227,-35.37538,0.9978863,-39.79838,-0.01098279,-40.17267,-0.06027324"
"""2018-06-15 05:30:00"",83,12.54,15.24,-63.80472,-24.08876,-62.81747,-24.94882,-64.05241,-23.72652,-35.28382,1.012455,-39.79442,-0.003962862,-40.27574,-0.08408815"
"""2018-06-15 06:00:00"",84,12.54,15.02,-64.94485,-25.73471,-63.98339,-25.85639,-65.0565,-24.57703,-35.1053,1.049139,-39.79152,-0.008680554,-40.38398,-0.1095259"
"""2018-06-15 06:30:00"",85,12.54,15.07,-65.2988,-25.82703,-63.87013,-26.2743,-65.06359,-24.67308,-35.08514,1.053593,-39.79185,-0.02000302,-40.54144,-0.1451917"
"""2018-06-15 07:00:00"",86,12.54,15.73,-59.62114,-12.72128,-57.66549,-23.06117,-59.94912,-19.43104,-36.1144,0.8736789,-39.83352,-0.04634661,-40.87847,-0.2251283"
"""2018-06-15 07:30:00"",87,12.54,17.26,-49.35356,-1.408892,-51.33065,-17.52464,-54.80668,-14.64436,-37.04483,0.7162966,-39.86703,-0.08484299,-41.401,-0.3480147"
"""2018-06-15 08:00:00"",88,12.54,19.44,-45.16148,1.789953,-48.29725,-12.82159,-51.45679,-11.60432,-37.64874,0.6147192,-39.88732,-0.148941,-42.06092,-0.5087124"
"""2018-06-15 08:30:00"",89,12.6,22,-39.88664,6.982396,-42.88462,-6.811379,-45.67768,-6.228193,-38.72674,0.3555246,-39.93628,-0.1936646,-42.15989,-0.5379072"
"""2018-06-15 09:00:00"",90,12.57,24.42,-36.91155,8.044998,-39.35324,-2.393286,-41.65584,-2.366631,-39.50462,0.2415103,-39.94647,-0.2222341,-41.70309,-0.4371556"
"""2018-06-15 09:30:00"",91,12.57,26.41,-34.12592,11.06771,-36.50571,1.524987,-38.23325,0.7821544,-40.14264,0.1559974,-39.95187,-0.207518,-41.02069,-0.2642068"
"""2018-06-15 10:00:00"",92,13.01,27.94,-30.97226,12.48588,-32.22896,6.485415,-33.5652,5.734113,-41.14272,-0.02183753,-39.98152,-0.1811499,-40.63114,-0.1587844"
"""2018-06-15 10:30:00"",93,13.13,29.25,-27.26789,15.20552,-28.15065,10.35159,-29.90977,9.721711,-41.94357,-0.1810316,-40.01414,-0.1620625,-40.4453,-0.1117881"
"""2018-06-15 11:00:00"",94,13.12,30.46,-24.03388,18.41563,-24.20796,14.82449,-25.63733,13.69736,-42.73605,-0.3479267,-40.04604,-0.1464568,-40.36049,-0.0894428"
"""2018-06-15 11:30:00"",95,13.11,31.05,-21.627,19.80072,-21.64997,17.54088,-22.95036,16.49826,-43.27832,-0.4209597,-40.05953,-0.1172957,-40.28183,-0.07808401"
"""2018-06-15 12:00:00"",96,13.27,31.47,-19.36454,21.91197,-19.20209,20.18782,-20.36775,19.01623,-43.76024,-0.5170448,-40.07782,-0.09651706,-40.23089,-0.06360323"
"""2018-06-15 12:30:00"",97,13.34,31.79,-16.91283,25.78295,-16.89488,22.4085,-18.17336,21.26246,-44.22307,-0.5916624,-40.09244,-0.08256289,-40.1954,-0.05523047"
"""2018-06-15 13:00:00"",98,13.46,31.62,-17.32347,24.4069,-17.35185,22.20375,-18.31893,21.11403,-44.19283,-0.6140876,-40.09983,-0.06529565,-40.15871,-0.05530523"
"""2018-06-15 13:30:00"",99,13.32,31.97,-12.78212,29.05089,-12.49017,26.63048,-13.61238,26.02117,-45.24422,-0.8293998,-40.14439,-0.06401455,-40.1416,-0.05428795"
"""2018-06-15 14:00:00"",100,13.32,32.44,-9.666631,31.66695,-9.145777,29.98495,-10.19936,29.54587,-46.00185,-0.9617487,-40.17421,-0.05662444,-40.13395,-0.05375931"
"""2018-06-15 14:30:00"",101,13,32.73,-10.58926,30.9006,-9.945988,29.46868,-10.92912,28.75416,-45.82978,-0.9350694,-40.16712,-0.05500407,-40.13546,-0.05428778"
"""2018-06-15 15:00:00"",102,12.87,32.92,-8.120669,33.26447,-7.410948,31.61547,-8.553305,31.24726,-46.3671,-1.068276,-40.19645,-0.05496517,-40.1235,-0.05406038"
"""2018-06-15 15:30:00"",103,12.77,33.03,-10.51001,30.90369,-9.915496,29.35337,-10.75877,28.88518,-45.85648,-0.9779288,-40.17691,-0.04693247,-40.11731,-0.05424551"
"""2018-06-15 16:00:00"",104,12.75,32.92,-12.87812,28.6766,-12.24938,26.79365,-13.14279,26.5254,-45.34826,-0.822127,-40.14359,-0.03109966,-40.11124,-0.05405707"
"""2018-06-15 16:30:00"",105,12.73,32.62,-13.3897,27.45528,-12.75719,26.33286,-13.50043,26.07273,-45.24995,-0.791825,-40.13689,-0.0277099,-40.11182,-0.04441131"
"""2018-06-15 17:00:00"",106,12.72,31.83,-14.62088,26.03315,-14.00101,25.15216,-14.90224,24.91039,-45.00219,-0.7956332,-40.1393,-0.02853934,-40.08908,-0.04071663"
"""2018-06-15 17:30:00"",107,12.72,31.33,-14.82664,25.44352,-14.06505,25.10753,-15.48949,24.84061,-44.98525,-0.7918242,-40.13945,-0.0292179,-40.08897,-0.04071658"
"""2018-06-15 18:00:00"",108,12.71,31.02,-16.54079,23.75946,-15.84185,23.32631,-16.97522,23.10113,-44.6142,-0.7182828,-40.12249,-0.02869057,-40.08667,-0.03732416"
"""2018-06-15 18:30:00"",109,12.72,29.78,-19.95571,20.14367,-19.28053,19.86049,-19.98915,19.58737,-43.86779,-0.5732294,-40.09278,-0.03027515,-40.06236,-0.02714583"
"""2018-06-15 19:00:00"",110,12.73,28.36,-23.34235,16.44978,-22.5569,16.24981,-23.21019,16.31081,-43.23655,-0.4958256,-40.08431,-0.02767582,-40.05479,-0.02665769"
"""2018-06-15 19:30:00"",111,12.7,27,-26.78678,13.08868,-26.05859,12.64102,-26.76287,13.10163,-42.61537,-0.3877023,-40.06456,-0.02715431,-40.03711,-0.02715431"
"""2018-06-15 20:00:00"",112,12.69,25.28,-31.49573,8.228451,-31.03907,7.777483,-31.89695,8.24678,-41.64935,-0.1975929,-40.02832,-0.0179527,-40.02968,-0.02715537"
"""2018-06-15 20:30:00"",113,12.68,23.01,-38.14845,1.808892,-37.77337,1.048804,-38.70544,1.536961,-40.29969,0.1075658,-39.96647,-0.009051817,-40.01531,-0.01655728"
"""2018-06-15 21:00:00"",114,12.67,20.91,-43.72021,-3.97569,-43.31942,-4.535533,-44.27047,-3.991907,-39.17963,0.3271169,-39.93832,-7.543182E-005,-40.0009,-0.01357936"
"""2018-06-15 21:30:00"",115,12.67,19.34,-48.49495,-8.958024,-48.12118,-9.27237,-48.95519,-8.673291,-38.23728,0.4984599,-39.9073,0,-40.00683,-0.013582"
"""2018-06-15 22:00:00"",116,12.66,18.23,-52.05362,-12.47408,-51.54025,-12.86061,-52.47426,-12.1879,-37.53326,0.6232397,-39.88406,0.01033766,-40.00713,-0.01358232"
"""2018-06-15 22:30:00"",117,12.65,17.44,-55.22736,-15.72057,-54.64006,-16.03365,-55.60315,-15.36734,-36.90173,0.7361851,-39.86202,0.01358274,-40.00509,-0.01358274"
"""2018-06-15 23:00:00"",118,12.64,16.79,-58.25615,-18.88791,-57.67362,-19.0585,-58.58804,-18.28,-36.33081,0.8358228,-39.84019,0.01358507,-40.00045,-0.01366055"
"""2018-06-15 23:30:00"",119,12.63,16.29,-60.82219,-21.12038,-60.19965,-21.8229,-61.21885,-21.24173,-35.77127,0.9289943,-39.81714,0.01358675,-40.01276,-0.02573936"
"""2018-06-16 00:00:00"",120,12.62,15.73,-64.88482,-24.98114,-64.2551,-26.22298,-65.367,-25.54801,-34.90226,1.088201,-39.7834,0.01358694,-40.01762,-0.02717388"
"""2018-06-16 00:30:00"",121,12.6,15.26,-66.47411,-26.70893,-65.71991,-28.31506,-66.91998,-26.97139,-34.60141,1.145003,-39.76894,0.01358695,-40.03347,-0.02815519"
"""2018-06-16 01:00:00"",122,12.6,14.97,-67.92945,-28.12039,-67.2258,-29.55782,-68.31902,-28.50917,-34.276,1.207729,-39.75955,0.01358695,-40.05669,-0.02849486"
"""2018-06-16 01:30:00"",123,12.59,14.61,-69.4538,-29.62873,-68.71108,-31.72905,-69.9961,-30.43036,-33.86907,1.283175,-39.73894,0.01358695,-40.09077,-0.03943991"
"""2018-06-16 02:00:00"",124,12.58,14.49,-70.25418,-31.0905,-69.30147,-31.84574,-70.40364,-30.11703,-33.93557,1.271701,-39.74121,0.004566726,-40.14149,-0.05555554"
"""2018-06-16 02:30:00"",125,12.57,14.42,-70.6953,-32.71305,-70.0956,-31.31759,-70.79343,-30.39511,-33.87723,1.283212,-39.73909,0,-40.2275,-0.07393567"
"""2018-06-16 03:00:00"",126,12.56,14.3,-71.84322,-34.20063,-71.06732,-32.52381,-71.86348,-31.38945,-33.66572,1.322426,-39.73951,-0.001169988,-40.31284,-0.09288193"
"""2018-06-16 03:30:00"",127,12.55,14.04,-72.91244,-35.13466,-72.1799,-33.50848,-73.24464,-32.80445,-33.36707,1.381189,-39.72116,-0.0003019323,-40.39757,-0.1094127"
"""2018-06-16 04:00:00"",128,12.54,13.59,-76.00188,-37.99527,-75.42575,-37.51879,-76.43787,-35.59495,-32.77449,1.491961,-39.69757,0.01052989,-40.42093,-0.1120546"
"""2018-06-16 04:30:00"",129,12.53,13.33,-77.80103,-41.10501,-76.4405,-39.09538,-77.41723,-36.44238,-32.59611,1.523133,-39.68798,0.01086982,-40.47325,-0.1291169"
"""2018-06-16 05:00:00"",130,12.53,13.4,-75.08793,-37.11937,-74.04805,-36.26606,-74.72308,-34.24934,-33.05965,1.436886,-39.70882,-0.00735976,-40.72065,-0.1855032"
"""2018-06-16 05:30:00"",131,12.52,13.52,-76.03398,-37.15287,-75.44725,-37.36064,-76.1951,-35.90883,-32.7105,1.505137,-39.69625,-0.03438262,-41.3102,-0.3220116"
"""2018-06-16 06:00:00"",132,12.51,13.38,-78.05737,-39.15453,-77.6076,-39.55361,-78.25344,-38.01408,-32.26642,1.591085,-39.68282,-0.06102865,-42.1428,-0.5095159"
"""2018-06-16 06:30:00"",133,12.51,13.23,-77.76012,-39.90063,-76.81434,-38.96251,-77.8684,-37.50914,-32.37231,1.571854,-39.68519,-0.06665289,-42.45649,-0.5782495"
"""2018-06-16 07:00:00"",134,12.52,13.73,-71.72806,-23.32151,-70.13612,-34.93389,-71.95792,-32.06397,-33.52328,1.351231,-39.72943,-0.08442841,-42.79334,-0.657311"
"""2018-06-16 07:30:00"",135,12.52,15.19,-61.7944,-7.325234,-65.29053,-28.60221,-67.54041,-27.79917,-34.4274,1.184418,-39.77034,-0.1647055,-43.71101,-0.874442"
"""2018-06-16 08:00:00"",136,12.53,17.36,-51.02246,-1.551706,-56.08429,-20.63747,-59.03833,-20.57769,-35.88654,0.9241781,-39.83374,-0.2887985,-44.4446,-1.062727"
"""2018-06-16 08:30:00"",137,12.58,19.89,-46.85724,-1.321775,-50.44201,-13.46435,-51.81951,-13.50508,-37.26751,0.6861774,-39.87585,-0.3439522,-44.39785,-1.066652"
"""2018-06-16 09:00:00"",138,12.56,22.75,-42.3026,1.920041,-45.6342,-7.455268,-47.3348,-8.092484,-38.34647,0.4945934,-39.90277,-0.420983,-43.85703,-0.961946"
"""2018-06-16 09:30:00"",139,12.56,25.19,-38.20052,7.621593,-41.72501,-2.553006,-43.48418,-3.909392,-39.18637,0.3404365,-39.9244,-0.428852,-42.69882,-0.712634"
"""2018-06-16 10:00:00"",140,13.02,27.18,-33.53512,11.69576,-36.46387,1.462555,-38.38703,0.1635682,-40.01584,0.1823589,-39.94456,-0.3975304,-41.68607,-0.4748493"
"""2018-06-16 10:30:00"",141,13.16,28.66,-31.21494,10.97567,-32.90536,6.113903,-34.19532,4.671616,-40.9286,0.01651992,-39.96737,-0.3542645,-41.06721,-0.3043667"
"""2018-06-16 11:00:00"",142,13.11,29.52,-28.42524,13.88412,-29.19031,10.76435,-30.14682,9.215056,-41.84408,-0.1497435,-40.00019,-0.2793587,-40.6674,-0.1837637"
"""2018-06-16 11:30:00"",143,13.12,30.02,-24.86398,16.88333,-25.41691,13.74428,-26.88586,12.5407,-42.50617,-0.2757278,-40.02865,-0.2102746,-40.44743,-0.1209541"
"""2018-06-16 12:00:00"",144,13.29,30.67,-19.88014,23.0207,-20.39457,18.58006,-21.69095,17.51445,-43.46549,-0.4470467,-40.06206,-0.173397,-40.33872,-0.09308918"
"""2018-06-16 12:30:00"",145,13.38,31.33,-16.87447,26.50058,-17.17918,21.95876,-18.64692,20.70234,-44.10548,-0.5636443,-40.08509,-0.1481691,-40.28967,-0.08192642"
"""2018-06-16 13:00:00"",146,13.33,32.04,-14.02765,28.66393,-14.23275,24.8605,-15.55613,23.68344,-44.74012,-0.691928,-40.11201,-0.1336879,-40.25927,-0.08124577"
"""2018-06-16 13:30:00"",147,13.32,32.55,-12.53189,29.35042,-12.66482,26.60818,-13.83103,25.58308,-45.14503,-0.7743902,-40.12829,-0.1114783,-40.23728,-0.06985773"
"""2018-06-16 14:00:00"",148,13.36,33.36,-10.11107,32.11014,-10.04661,29.0499,-11.32342,28.18472,-45.70041,-0.8838825,-40.15215,-0.1065365,-40.23607,-0.0778854"
"""2018-06-16 14:30:00"",149,13,34.04,-9.021225,33.10242,-8.765294,30.42921,-10.06558,29.38788,-45.95622,-0.9354543,-40.16268,-0.08812544,-40.23068,-0.08130285"
"""2018-06-16 15:00:00"",150,12.92,34.46,-8.807856,33.4711,-8.578773,30.33423,-9.879774,29.66025,-46.0113,-0.9474642,-40.1641,-0.08050695,-40.22539,-0.08141152"
"""2018-06-16 15:30:00"",151,12.79,34.19,-12.32066,29.62906,-12.20615,27.47265,-13.26819,26.27884,-45.28475,-0.7976785,-40.13206,-0.06064378,-40.21223,-0.07526764"
"""2018-06-16 16:00:00"",152,12.76,33.32,-15.64114,26.17372,-15.48917,24.07083,-16.43803,23.13901,-44.61119,-0.6682876,-40.10677,-0.0519373,-40.17081,-0.05762855"
"""2018-06-16 16:30:00"",153,12.74,32.55,-17.45851,23.77996,-17.29028,22.11141,-18.44973,21.17903,-44.19513,-0.5838664,-40.09084,-0.04134936,-40.14323,-0.0563136"
"""2018-06-16 17:00:00"",154,12.72,31.23,-20.77317,20.14623,-20.68066,18.90337,-21.93191,17.75093,-43.50763,-0.4554746,-40.06808,-0.03242081,-40.1183,-0.04987527"
"""2018-06-16 17:30:00"",155,12.72,29.48,-25.83298,15.14848,-25.79408,13.74973,-26.70639,12.88412,-42.56993,-0.2915885,-40.03989,-0.03483684,-40.08804,-0.03581706"
"""2018-06-16 18:00:00"",156,12.72,27.82,-30.76506,9.676953,-30.94919,8.0689,-32.27129,7.820746,-41.56164,-0.1056501,-40.00558,-0.02741274,-40.06625,-0.02812933"
"""2018-06-16 18:30:00"",157,12.72,26.13,-34.11165,6.132893,-34.05809,4.908369,-35.10905,4.751701,-40.94611,0.006185771,-39.9857,-0.02624943,-40.04993,-0.02930427"
"""2018-06-16 19:00:00"",158,12.73,24.63,-38.02886,1.974233,-37.96293,1.160665,-38.74885,0.9197359,-40.17594,0.1395864,-39.9581,-0.01493546,-40.03617,-0.0271554"
"""2018-06-16 19:30:00"",159,12.7,23.21,-41.90103,-2.013162,-41.80436,-2.727464,-42.45957,-2.697819,-39.44097,0.2825676,-39.94308,-0.01278569,-40.03511,-0.02715546"
"""2018-06-16 20:00:00"",160,12.69,21.48,-45.94544,-6.220565,-45.81859,-7.064159,-46.64088,-6.574083,-38.66021,0.4240282,-39.92041,-0.002036695,-40.02716,-0.02715699"
"""2018-06-16 20:30:00"",161,12.68,19.63,-49.98333,-10.29386,-49.77859,-11.13328,-50.64132,-10.46443,-37.8794,0.5641692,-39.8947,-0.009130022,-40.01656,-0.02716332"
"""2018-06-16 21:00:00"",162,12.67,17.87,-54.45951,-14.79964,-54.0591,-15.38341,-54.88607,-14.72109,-37.03061,0.7131079,-39.86436,-0.000113185,-40.01358,-0.02716457"
"""2018-06-16 21:30:00"",163,12.66,16.56,-59.02184,-19.58156,-58.71436,-19.90183,-59.3758,-19.27438,-36.14678,0.865766,-39.83303,-0.0009434341,-40.01811,-0.02716708"
"""2018-06-16 22:00:00"",164,12.65,15.6,-62.41643,-23.14157,-62.05227,-23.28261,-62.71458,-22.60124,-35.51606,0.9712487,-39.8059,-0.0124921,-40.03087,-0.02717306"
"""2018-06-16 22:30:00"",165,12.64,14.85,-63.9169,-24.30761,-63.16766,-24.789,-64.10195,-23.9388,-35.23521,1.021435,-39.79216,-0.01049212,-40.04963,-0.03075928"
"""2018-06-16 23:00:00"",166,12.63,14.49,-64.55295,-25.20569,-63.80936,-25.30514,-64.63401,-24.45429,-35.12787,1.042572,-39.79136,-0.01237923,-40.10013,-0.0427989"
"""2018-06-16 23:30:00"",167,12.62,14.35,-64.97221,-25.85964,-64.26755,-25.61949,-64.93621,-24.71603,-35.07171,1.058046,-39.79589,-0.03547705,-40.25592,-0.08121979"
"""2018-06-17 00:00:00"",168,12.61,14.21,-65.65413,-26.47486,-64.88043,-26.2934,-65.62579,-25.39013,-34.93003,1.08122,-39.78638,-0.04098731,-40.52268,-0.141493"
"""2018-06-17 00:30:00"",169,12.6,14.09,-66.52377,-27.32672,-65.66436,-27.11575,-66.39738,-26.14054,-34.77012,1.115225,-39.77751,-0.0537817,-40.82684,-0.211881"
"""2018-06-17 01:00:00"",170,12.59,14.01,-67.81065,-28.45927,-67.0029,-28.41228,-67.74501,-27.51007,-34.48249,1.169761,-39.76431,-0.06540609,-41.17802,-0.2914402"
"""2018-06-17 01:30:00"",171,12.58,13.97,-68.86337,-29.83831,-68.13889,-29.49751,-68.76064,-28.55027,-34.26253,1.211088,-39.75713,-0.0823143,-41.68908,-0.4099486"
"""2018-06-17 02:00:00"",172,12.57,13.82,-69.20199,-30.99671,-68.33842,-29.65043,-69.01011,-28.64523,-34.24139,1.217542,-39.75758,-0.09254225,-42.08994,-0.4997357"
"""2018-06-17 02:30:00"",173,12.55,13.66,-69.93708,-31.03845,-69.31012,-30.77543,-70.1114,-29.81816,-33.99162,1.265021,-39.74551,-0.09001358,-42.33563,-0.5542722"
"""2018-06-17 03:00:00"",174,12.54,13.38,-72.44803,-34.01226,-71.72135,-33.14062,-72.48829,-32.13039,-33.50283,1.356884,-39.72581,-0.09065518,-42.59311,-0.611111"
"""2018-06-17 03:30:00"",175,12.53,13.26,-72.93346,-35.42538,-71.9501,-33.3485,-72.69493,-32.25233,-33.47781,1.360771,-39.72585,-0.0938632,-42.8519,-0.671422"
"""2018-06-17 04:00:00"",176,12.52,13.21,-71.9721,-34.05793,-70.98774,-32.33074,-71.64266,-31.28358,-33.68061,1.323861,-39.73417,-0.111646,-43.17583,-0.7460805"
"""2018-06-17 04:30:00"",177,12.51,13.14,-73.69474,-35.90536,-72.83006,-34.08451,-73.50376,-33.08573,-33.30138,1.396173,-39.71742,-0.1219839,-43.58641,-0.8384508"
"""2018-06-17 05:00:00"",178,12.51,13.23,-75.15076,-37.52391,-73.88361,-35.25535,-74.42435,-34.04148,-33.10146,1.435642,-39.70967,-0.1425568,-43.96226,-0.92475"
"""2018-06-17 05:30:00"",179,12.5,13.4,-74.36622,-36.45684,-73.44609,-34.8628,-74.19974,-33.83175,-33.14607,1.427279,-39.71149,-0.1819576,-44.51625,-1.055928"
"""2018-06-17 06:00:00"",180,12.5,13.45,-75.06657,-37.01094,-74.33657,-35.63749,-74.99117,-34.66511,-32.96907,1.462565,-39.70822,-0.2082585,-44.88762,-1.144629"
"""2018-06-17 06:30:00"",181,12.5,13.61,-73.9965,-35.27169,-73.05721,-34.94643,-73.92648,-33.63323,-33.18582,1.423329,-39.7138,-0.2286036,-45.12363,-1.20031"
"""2018-06-17 07:00:00"",182,12.5,14.04,-70.27742,-25.15358,-70.23613,-32.85234,-70.99541,-31.31939,-33.67379,1.330467,-39.73826,-0.2680409,-45.28885,-1.245737"
"""2018-06-17 07:30:00"",183,12.51,15.14,-62.08138,-11.86259,-65.27001,-28.39841,-66.86983,-27.26944,-34.52808,1.169535,-39.77279,-0.3291818,-45.36183,-1.274985"
"""2018-06-17 08:00:00"",184,12.52,16.74,-56.22411,-7.175915,-60.84447,-22.65784,-64.09409,-23.31194,-35.35254,1.015512,-39.80457,-0.4552764,-45.39198,-1.308651"
"""2018-06-17 08:30:00"",185,12.57,19.21,-48.39579,-2.221216,-52.81898,-15.05953,-56.146,-15.76022,-36.82363,0.7613311,-39.85923,-0.5600981,-45.26109,-1.297159"
"""2018-06-17 09:00:00"",186,12.69,20.8,-49.8835,-6.864135,-52.02226,-12.04899,-52.80769,-12.87617,-37.37668,0.6664596,-39.87127,-0.6453692,-44.91929,-1.233729"
"""2018-06-17 09:30:00"",187,12.73,21.53,-50.11204,-4.909764,-51.90088,-13.75717,-52.83727,-13.63037,-37.22886,0.691192,-39.86244,-0.5545759,-44.20536,-1.057388"
"""2018-06-17 10:00:00"",188,12.79,22.42,-47.12587,-4.267794,-47.76915,-8.990067,-48.7844,-9.171441,-38.12485,0.5291305,-39.89236,-0.5333148,-43.60577,-0.9186642"
"""2018-06-17 10:30:00"",189,13.06,24.87,-36.14984,5.820484,-38.03315,0.5072572,-39.79179,-0.1451098,-39.95174,0.187246,-39.94602,-0.5935258,-42.91801,-0.7789624"
"""2018-06-17 11:00:00"",190,13.09,26.41,-33.62191,8.228939,-34.6016,5.002231,-35.77891,3.654855,-40.72227,0.04525978,-39.9627,-0.5356849,-41.75498,-0.5084918"
"""2018-06-17 11:30:00"",191,12.99,27.4,-30.60906,11.42563,-31.7915,7.662487,-32.75246,6.291814,-41.25628,-0.04635292,-39.97971,-0.4631143,-41.08901,-0.3122127"
"""2018-06-17 12:00:00"",192,13.11,27.78,-29.00399,13.29675,-29.9691,8.793998,-31.24323,7.725016,-41.54601,-0.0996455,-39.99329,-0.3274498,-40.63589,-0.1803953"
"""2018-06-17 12:30:00"",193,13.19,28.3,-26.74484,16.63115,-27.63589,12.49924,-28.35576,10.81485,-42.16498,-0.2146351,-40.01802,-0.2757718,-40.49305,-0.1385648"
"""2018-06-17 13:00:00"",194,13.43,28.72,-24.42315,17.98326,-25.00824,15.20843,-26.42786,13.17021,-42.63319,-0.3004033,-40.03635,-0.2224941,-40.3811,-0.1079661"
"""2018-06-17 13:30:00"",195,13.34,29.12,-22.15865,20.07448,-22.5034,17.06488,-23.90885,15.65305,-43.11058,-0.387342,-40.05392,-0.1784962,-40.30933,-0.08577923"
"""2018-06-17 14:00:00"",196,13.36,29.89,-21.25057,19.93863,-20.94706,20.62121,-21.43181,18.14079,-43.5886,-0.4726107,-40.0696,-0.163029,-40.28511,-0.0826456"
"""2018-06-17 14:30:00"",197,13.05,30.67,-18.52651,22.90103,-18.48183,21.98622,-19.27434,20.06887,-43.97893,-0.5437879,-40.082,-0.1406315,-40.26407,-0.08155119"
"""2018-06-17 15:00:00"",198,12.99,31.3,-17.5137,23.83769,-17.27392,23.76355,-17.60784,21.77324,-44.33793,-0.6098265,-40.0952,-0.124416,-40.2523,-0.08143589"
"""2018-06-17 15:30:00"",199,12.8,31.79,-17.08469,23.87551,-16.51148,24.66176,-17.07805,22.62619,-44.51884,-0.6438904,-40.10081,-0.1066553,-40.24954,-0.0814335"
"""2018-06-17 16:00:00"",200,12.76,32.3,-16.25459,24.56239,-15.55826,25.78978,-15.56994,24.08988,-44.82531,-0.7131143,-40.11559,-0.09240512,-40.24358,-0.08143415"
"""2018-06-17 16:30:00"",201,12.74,32.48,-15.39869,25.13144,-14.80463,25.69657,-15.32265,24.39197,-44.88694,-0.7278579,-40.11766,-0.08022391,-40.22668,-0.08097781"
"""2018-06-17 17:00:00"",202,12.73,32.4,-14.88234,25.52578,-14.15379,26.45737,-14.48855,25.20007,-45.05885,-0.7614622,-40.12512,-0.06751712,-40.20414,-0.06906275"
"""2018-06-17 17:30:00"",203,12.72,32.19,-12.50788,28.00856,-11.70249,28.3283,-12.80148,27.18781,-45.48991,-0.8453176,-40.1444,-0.06070019,-40.18549,-0.06654407"
"""2018-06-17 18:00:00"",204,12.72,32.12,-12.13545,28.53665,-11.62047,27.61436,-12.82811,26.72456,-45.38813,-0.8288018,-40.14217,-0.05500704,-40.16634,-0.05775929"
"""2018-06-17 18:30:00"",205,12.72,31.3,-16.33252,24.78587,-15.98113,22.82516,-16.85805,22.37003,-44.45518,-0.6377953,-40.10247,-0.04467362,-40.14793,-0.05639794"
"""2018-06-17 19:00:00"",206,12.73,30.29,-19.13821,20.84832,-18.54637,20.18238,-18.89523,19.7649,-43.90152,-0.5279759,-40.08252,-0.04060201,-40.11645,-0.0542868"
"""2018-06-17 19:30:00"",207,12.71,29.32,-22.83079,16.88297,-22.2519,16.52974,-22.45674,16.39046,-43.24822,-0.4129559,-40.06168,-0.04037945,-40.10802,-0.04196294"
"""2018-06-17 20:00:00"",208,12.69,27.56,-28.09233,11.56611,-27.66719,11.04455,-27.73491,11.09837,-42.21535,-0.2261223,-40.02726,-0.03371014,-40.08205,-0.03276655"
"""2018-06-17 20:30:00"",209,12.69,25.37,-34.25951,5.221236,-34.09711,4.558738,-34.70647,4.928608,-40.98133,-0.00116781,-39.98518,-0.02587228,-40.05465,-0.02971928"
"""2018-06-17 21:00:00"",210,12.68,23.21,-39.82409,-0.5268171,-39.38131,-0.5195754,-40.31655,0.008370836,-39.99019,0.1768496,-39.95323,-0.0135777,-40.0336,-0.0271554"
"""2018-06-17 21:30:00"",211,12.67,21.64,-44.62914,-5.2544,-43.96302,-5.256863,-45.09998,-4.735511,-39.02873,0.3597257,-39.93259,-0.005317971,-40.02716,-0.0271574"
"""2018-06-17 22:00:00"",212,12.66,20.45,-48.73363,-9.06159,-48.02183,-9.806211,-49.28776,-9.093846,-38.15261,0.5194656,-39.90085,-0.002188194,-40.01913,-0.02716351"
"""2018-06-17 22:30:00"",213,12.65,19.65,-51.76808,-12.14771,-51.01966,-12.76593,-52.16559,-11.88228,-37.59438,0.6193905,-39.88323,-0.0005659275,-40.02407,-0.02716459"
"""2018-06-17 23:00:00"",214,12.64,19.05,-53.81807,-14.52937,-53.06398,-14.40694,-54.03591,-13.66844,-37.23863,0.6819466,-39.87037,-0.01177136,-40.02716,-0.02716468"
"""2018-06-17 23:30:00"",215,12.63,18.58,-54.97687,-15.71843,-53.96302,-15.66202,-54.99638,-14.59675,-37.05335,0.7139407,-39.86501,-0.01358234,-40.02716,-0.02716468"
"""2018-06-18 00:00:00"",216,12.63,18.17,-56.29209,-17.22535,-55.19079,-17.06474,-56.47474,-15.84286,-36.8069,0.7578946,-39.8635,-0.01358234,-40.0289,-0.02716468"
"""2018-06-18 00:30:00"",217,12.61,17.77,-57.83799,-19.762,-56.51661,-18.12379,-57.67281,-16.89424,-36.59917,0.7960007,-39.85093,-0.01354461,-40.03765,-0.02716468"
"""2018-06-18 01:00:00"",218,12.6,17.44,-58.76028,-20.97072,-57.51037,-18.87385,-58.50908,-17.72641,-36.43525,0.8237156,-39.84399,-0.0135827,-40.03709,-0.0271654"
"""2018-06-18 01:30:00"",219,12.59,17.14,-59.57469,-20.41035,-58.75309,-20.53927,-59.91697,-19.67518,-36.0602,0.8885788,-39.82412,-0.01358394,-40.0346,-0.02980939"
"""2018-06-18 02:00:00"",220,12.58,16.71,-62.55478,-22.7452,-61.85952,-23.61454,-63.01552,-23.1547,-35.39462,0.9987481,-39.80308,-0.01615203,-40.04879,-0.03022825"
"""2018-06-18 02:30:00"",221,12.57,16.29,-63.95838,-23.98567,-63.1239,-25.72994,-64.38391,-24.61553,-35.10614,1.049271,-39.78922,-0.03072109,-40.06665,-0.0318156"
"""2018-06-18 03:00:00"",222,12.56,15.97,-64.22067,-24.24778,-63.36232,-26.43463,-64.6795,-24.94241,-35.03628,1.062498,-39.79382,-0.03838309,-40.09579,-0.04344046"
"""2018-06-18 03:30:00"",223,12.55,15.73,-65.88628,-26.24943,-65.00883,-27.53977,-66.2869,-26.16915,-34.77634,1.11296,-39.77612,-0.04076086,-40.14855,-0.05698972"
"""2018-06-18 04:00:00"",224,12.54,15.68,-67.10526,-27.58412,-66.29736,-28.69316,-67.50883,-27.42383,-34.5123,1.16293,-39.76479,-0.05385718,-40.22988,-0.07721919"
"""2018-06-18 04:30:00"",225,12.53,15.43,-70.20802,-30.50181,-69.4304,-31.41187,-70.59359,-30.66855,-33.8256,1.295214,-39.73769,-0.06702897,-40.35518,-0.1057518"
"""2018-06-18 05:00:00"",226,12.53,15.24,-70.56393,-30.85175,-69.76607,-32.163,-70.98977,-31.11262,-33.73207,1.31416,-39.7326,-0.06755736,-40.51577,-0.1432669"
"""2018-06-18 05:30:00"",227,12.52,15.04,-71.86477,-32.02253,-71.08793,-33.83914,-72.28694,-32.65002,-33.40772,1.374019,-39.71792,-0.08888133,-40.80495,-0.2110884"
"""2018-06-18 06:00:00"",228,12.52,14.85,-72.37582,-32.53891,-71.69365,-34.02592,-72.84442,-33.01188,-33.32866,1.390398,-39.71682,-0.100317,-41.16666,-0.294384"
"""2018-06-18 06:30:00"",229,12.51,14.85,-73.03415,-32.86945,-71.64164,-34.69961,-72.77135,-32.68006,-33.39753,1.377604,-39.71898,-0.1274154,-41.68591,-0.4137227"
"""2018-06-18 07:00:00"",230,12.52,15.21,-68.508,-25.02645,-65.89899,-30.57574,-66.62975,-24.2124,-35.18085,1.035364,-39.79363,-0.1656854,-42.12017,-0.5132472"
"""2018-06-18 07:30:00"",231,12.52,16.49,-58.97312,-16.03544,-60.4744,-23.80257,-61.13836,-19.45237,-36.11553,0.8754905,-39.83186,-0.2544912,-42.94327,-0.7098051"
"""2018-06-18 08:00:00"",232,12.52,18.77,-45.21495,4.436134,-49.6581,-15.98245,-53.25631,-12.10984,-37.54514,0.6306213,-39.8812,-0.4250537,-43.73335,-0.9115887"
"""2018-06-18 08:30:00"",233,12.57,21.53,-35.8122,15.27783,-40.55383,-8.340087,-45.71849,-4.245934,-39.12528,0.3442158,-39.93333,-0.5592745,-43.73145,-0.9310691"
"""2018-06-18 09:00:00"",234,12.55,24.16,-41.22424,1.42261,-43.81288,-2.060497,-44.25275,-3.886008,-39.19027,0.3402074,-39.92379,-0.7179949,-43.30929,-0.8672074"
"""2018-06-18 09:30:00"",235,12.55,26.28,-38.37238,4.985893,-40.58158,0.1828175,-40.71964,-0.7672409,-39.82562,0.222231,-39.93874,-0.6894704,-42.13898,-0.6073989"
"""2018-06-18 10:00:00"",236,12.98,28.07,-34.51183,6.949928,-36.04095,6.304986,-35.85512,3.955543,-40.78419,0.04484437,-39.95783,-0.6200138,-41.40492,-0.4164604"
"""2018-06-18 10:30:00"",237,13.08,29.28,-31.91418,9.658292,-33.18864,7.849147,-33.52531,6.264721,-41.25126,-0.03699634,-39.97552,-0.5062295,-40.93771,-0.2702563"
"""2018-06-18 11:00:00"",238,13.09,30.4,-28.24426,13.80446,-29.09803,12.1076,-29.34368,9.86082,-41.9764,-0.1698993,-40.00109,-0.424415,-40.71569,-0.1997647"
"""2018-06-18 11:30:00"",239,13.08,31.47,-23.967,17,-24.33992,18.40565,-24.14021,14.62555,-42.92373,-0.3432448,-40.03687,-0.3614564,-40.5942,-0.1611039"
"""2018-06-18 12:00:00"",240,13.22,32.33,-17.14107,29.0206,-17.96519,21.73323,-19.27351,20.21036,-44.01555,-0.5455413,-40.07642,-0.2779351,-40.48771,-0.1330862"
"""2018-06-18 12:30:00"",241,13.27,33.06,-14.43046,31.73262,-14.95521,24.90961,-16.19127,23.50325,-44.70214,-0.6825168,-40.10352,-0.2091962,-40.40855,-0.1144189"
"""2018-06-18 13:00:00"",242,13.33,33.66,-11.32955,36.66649,-11.8893,27.40671,-13.89991,26.01501,-45.24193,-0.7876448,-40.12586,-0.1631761,-40.36016,-0.1064466"
"""2018-06-18 13:30:00"",243,13.3,34.42,-10.05825,36.44742,-10.4514,29.07754,-12.32476,27.37296,-45.52736,-0.8489915,-40.13731,-0.1311651,-40.33368,-0.1071935"
"""2018-06-18 14:00:00"",244,13.29,35.28,-7.337314,39.10036,-7.530627,31.41916,-9.049891,30.45848,-46.18989,-0.9781411,-40.16459,-0.1109605,-40.33115,-0.1084353"
"""2018-06-18 14:30:00"",245,12.96,35.75,-6.079028,40.38362,-5.912437,33.31427,-7.102057,32.87148,-46.69565,-1.09694,-40.18838,-0.08789388,-40.31724,-0.1085482"
"""2018-06-18 15:00:00"",246,12.88,36.36,-2.350776,43.22803,-2.007681,36.89568,-3.443457,36.38901,-47.44701,-1.259762,-40.22293,-0.0713855,-40.29764,-0.1085482"
"""2018-06-18 15:30:00"",247,12.78,37.06,-0.1992607,43.20844,0.4274543,39.17975,-0.8900492,39.01452,-48.0297,-1.345394,-40.23703,-0.05355798,-40.27763,-0.1071536"
"""2018-06-18 16:00:00"",248,12.75,37.65,0.9591144,43.47411,1.676512,40.61839,0.3628151,40.12472,-48.26458,-1.397407,-40.24691,-0.03573044,-40.27827,-0.10297"
"""2018-06-18 16:30:00"",249,12.73,37.91,0.232859,42.98806,1.006114,40.48222,-0.05249443,40.0161,-48.22939,-1.403211,-40.24823,-0.02623248,-40.26003,-0.1062114"
"""2018-06-18 17:00:00"",250,12.72,37.35,-0.9510699,40.88113,-0.05328602,38.83564,-1.658254,38.70293,-47.95918,-1.324665,-40.23379,-0.02163426,-40.22629,-0.1014624"
"""2018-06-18 17:30:00"",251,12.72,36.9,-0.4368229,40.96062,0.5366053,39.39885,-0.8973234,39.42519,-48.11235,-1.361224,-40.24548,-0.02645862,-40.1992,-0.09448969"
"""2018-06-18 18:00:00"",252,12.72,36.98,0.3910832,42.11459,1.434088,40.47268,0.5017042,40.27258,-48.2947,-1.399216,-40.25524,-0.02593096,-40.19335,-0.09335897"
"""2018-06-18 18:30:00"",253,12.72,36.44,-0.4061049,41.23949,0.591219,39.31046,-0.3379613,39.71846,-48.175,-1.379504,-40.2529,-0.02679783,-40.17164,-0.08122268"
"""2018-06-18 19:00:00"",254,12.72,35.48,-5.411684,35.11658,-4.353641,34.18906,-4.843201,34.56653,-47.05699,-1.151101,-40.20628,-0.02668476,-40.15442,-0.08046888"
"""2018-06-18 19:30:00"",255,12.7,34.58,-8.201636,31.3235,-6.97817,31.66618,-7.207026,32.36406,-46.5827,-1.05646,-40.18758,-0.02774009,-40.13542,-0.066335"
"""2018-06-18 20:00:00"",256,12.69,32.84,-15.1655,24.41685,-13.93173,25.86749,-14.08668,25.78739,-45.17531,-0.7713776,-40.13139,-0.02268976,-40.10911,-0.05570701"
"""2018-06-18 20:30:00"",257,12.68,30.19,-19.352,20.46205,-18.32084,20.75257,-18.94312,20.85476,-44.12846,-0.5673068,-40.09221,-0.02563426,-40.07245,-0.0382247"
"""2018-06-18 21:00:00"",258,12.67,27.28,-20.86983,19.27367,-20.0964,18.78933,-21.17899,19.2338,-43.79791,-0.5142737,-40.08506,-0.02714853,-40.03695,-0.02782717"
"""2018-06-18 21:30:00"",259,12.67,24.95,-28.14995,11.7656,-27.52445,11.23865,-28.64255,11.78322,-42.35049,-0.254687,-40.03662,-0.01685846,-40.02184,-0.027117"
"""2018-06-18 22:00:00"",260,12.66,23.12,-34.18471,5.704141,-33.49345,5.19626,-34.58367,5.756038,-41.14882,-0.03368017,-39.99491,-0.004789903,-40.01339,-0.01599151"
"""2018-06-18 22:30:00"",261,12.65,21.75,-37.85091,1.827466,-37.08065,1.590963,-38.13587,2.177494,-40.42904,0.08505644,-39.96764,-0.004413178,-40.00053,-0.01357867"
"""2018-06-18 23:00:00"",262,12.64,20.69,-40.83638,-1.069988,-40.14043,-1.496001,-41.17619,-0.9331148,-39.79943,0.2062186,-39.95352,-0.007658559,-40.00366,-0.01358178"
"""2018-06-18 23:30:00"",263,12.63,19.76,-46.31396,-6.652008,-45.69887,-7.045328,-46.72557,-6.467476,-38.68063,0.4189762,-39.92039,0,-40.01083,-0.0135823"
"""2018-06-19 00:00:00"",264,12.62,19,-50.16378,-10.6856,-49.51933,-10.82184,-50.41546,-10.18815,-37.93209,0.5543858,-39.89722,0,-40.01234,-0.01358234"
"""2018-06-19 00:30:00"",265,12.61,18.4,-53.53069,-14.11726,-52.78234,-14.0847,-53.67463,-13.43776,-37.28477,0.6715713,-39.87255,0.00324467,-40.01098,-0.01358234"
"""2018-06-19 01:00:00"",266,12.6,17.87,-56.70118,-17.52571,-56.09443,-17.4627,-57.10836,-16.80871,-36.61735,0.7886057,-39.85191,0.01320505,-40.00751,-0.01358234"
"""2018-06-19 01:30:00"",267,12.59,17.41,-59.5149,-20.14529,-58.8015,-20.38929,-59.83677,-19.64284,-36.06753,0.8833311,-39.82697,0.01358274,-40.00306,-0.01358274"
"""2018-06-19 02:00:00"",268,12.58,16.96,-63.65705,-23.82097,-63.02037,-24.57052,-64.00326,-24.08383,-35.21187,1.03101,-39.79563,0.01335786,-40.00581,-0.02467819"
"""2018-06-19 02:30:00"",269,12.57,16.56,-66.72855,-26.74205,-66.04017,-27.97864,-67.04771,-27.34959,-34.53114,1.160163,-39.77005,-0.0001510021,-40.01981,-0.02717272"
"""2018-06-19 03:00:00"",270,12.56,16.14,-69.1049,-29.15849,-68.43314,-30.22257,-69.40388,-29.75027,-34.02134,1.257091,-39.7477,-0.01098275,-40.04623,-0.02966474"
"""2018-06-19 03:30:00"",271,12.55,15.77,-72.39454,-32.49071,-71.78614,-33.60748,-72.6944,-33.11091,-33.31148,1.391379,-39.71826,-0.01143568,-40.11417,-0.04891303"
"""2018-06-19 04:00:00"",272,12.54,15.39,-74.19534,-34.37918,-73.58144,-35.5417,-74.52026,-34.90394,-32.93376,1.464825,-39.70362,-0.02683424,-40.26136,-0.0834088"
"""2018-06-19 04:30:00"",273,12.53,15.09,-75.12699,-35.34657,-74.41402,-36.98086,-75.55883,-35.8847,-32.72486,1.502113,-39.69305,-0.03072161,-40.4315,-0.1211881"
"""2018-06-19 05:00:00"",274,12.53,14.92,-74.80702,-35.10669,-74.09737,-36.70595,-75.31019,-35.55812,-32.79257,1.489055,-39.70048,-0.03894927,-40.63236,-0.1681386"
"""2018-06-19 05:30:00"",275,12.52,14.71,-74.5389,-35.68568,-73.41817,-35.40477,-74.4381,-34.13405,-33.09062,1.43448,-39.7086,-0.04094957,-40.81318,-0.2082956"
"""2018-06-19 06:00:00"",276,12.52,14.66,-73.79853,-35.37016,-72.71535,-34.52728,-73.84091,-33.48739,-33.22679,1.407156,-39.7109,-0.05230977,-40.96007,-0.2420742"
"""2018-06-19 06:30:00"",277,12.51,14.75,-73.05751,-33.55732,-71.28781,-34.49441,-72.82178,-32.43013,-33.4509,1.364319,-39.72139,-0.06125452,-41.14043,-0.2820803"
"""2018-06-19 07:00:00"",278,12.51,15.51,-64.98821,-15.64715,-62.66187,-28.37284,-64.30774,-24.03721,-35.19531,1.038836,-39.79438,-0.1050724,-41.54865,-0.379227"
"""2018-06-19 07:30:00"",279,12.52,17.11,-54.59269,-6.723731,-56.39447,-22.04076,-58.33114,-17.14859,-36.54634,0.8056687,-39.8476,-0.1843297,-42.26627,-0.5489507"
"""2018-06-19 08:00:00"",280,12.52,19.21,-51.43182,-8.29834,-53.96132,-16.42484,-54.07087,-12.08692,-37.55164,0.6295393,-39.88128,-0.3189885,-43.03677,-0.7442867"
"""2018-06-19 08:30:00"",281,12.57,21.78,-44.47709,-2.727718,-47.19192,-7.870727,-46.40001,-5.561924,-38.85958,0.3969916,-39.92145,-0.4089889,-43.06368,-0.767081"
"""2018-06-19 09:00:00"",282,12.54,24.57,-40.4997,1.812613,-43.65825,-1.886351,-43.42738,-4.000063,-39.17027,0.3438994,-39.92557,-0.5123705,-42.68053,-0.7015284"
"""2018-06-19 09:30:00"",283,12.54,26.81,-38.34175,3.853239,-40.35093,0.846584,-39.99448,-0.3076445,-39.91996,0.2027289,-39.94041,-0.5207561,-41.74305,-0.49345"
"""2018-06-19 10:00:00"",284,13.03,28.72,-33.27312,8.155065,-34.93463,6.25565,-35.00124,4.106704,-40.815,0.0399036,-39.96236,-0.4716009,-41.12066,-0.3323911"
"""2018-06-19 10:30:00"",285,13.05,30.33,-29.53759,11.87139,-30.75759,11.24956,-31.2869,8.28892,-41.65891,-0.1112733,-39.99189,-0.4046231,-40.7945,-0.229388"
"""2018-06-19 11:00:00"",286,12.98,31.51,-25.76362,15.79867,-26.14024,14.44325,-27.41529,12.77439,-42.55606,-0.2764783,-40.02338,-0.3290382,-40.61012,-0.1712115"
"""2018-06-19 11:30:00"",287,12.96,32.62,-22.46294,18.8874,-22.46264,18.11564,-23.3075,16.2338,-43.23432,-0.3972551,-40.04539,-0.2765355,-40.51624,-0.1414911"
"""2018-06-19 12:00:00"",288,13.17,33.66,-18.30421,23.02641,-17.90141,22.81646,-18.37938,21.28973,-44.23149,-0.5748662,-40.07796,-0.2275508,-40.45959,-0.130702"
"""2018-06-19 12:30:00"",289,13.23,34.77,-14.73193,27.14978,-13.98864,27.07795,-14.70506,24.97222,-45.01127,-0.7264435,-40.10927,-0.1916285,-40.42981,-0.122651"
"""2018-06-19 13:00:00"",290,13.27,35.8,-10.55686,30.75387,-9.945479,30.93919,-11.04759,28.79268,-45.82944,-0.8868952,-40.14062,-0.16222,-40.42032,-0.1224564"
"""2018-06-19 13:30:00"",291,13.35,36.73,-6.125684,35.23727,-5.540993,34.16366,-6.64762,33.10083,-46.75524,-1.071687,-40.1785,-0.1219283,-40.39205,-0.1221167"
"""2018-06-19 14:00:00"",292,13.31,37.86,-3.283386,37.93371,-2.441459,37.71601,-3.241889,36.54075,-47.49529,-1.217247,-40.20624,-0.09535656,-40.38761,-0.1267526"
"""2018-06-19 14:30:00"",293,12.92,38.77,-1.332458,43.68077,-0.6682417,38.65646,-1.689951,38.22962,-47.86314,-1.290329,-40.21706,-0.06460125,-40.38297,-0.1318785"
"""2018-06-19 15:00:00"",294,12.86,39.57,2.220346,46.48922,3.244883,41.98222,1.92018,42.21699,-48.72478,-1.463101,-40.25203,-0.04326851,-40.36122,-0.1281849"
"""2018-06-19 15:30:00"",295,12.77,39.98,2.125366,43.66856,3.116359,42.45478,2.010185,42.04942,-48.68728,-1.450701,-40.24691,-0.0163953,-40.34513,-0.135346"
"""2018-06-19 16:00:00"",296,12.74,40.35,2.732671,44.07637,3.685558,43.03374,2.669389,42.69442,-48.82338,-1.475916,-40.25177,-0.0003769034,-40.32968,-0.1359491"
"""2018-06-19 16:30:00"",297,12.73,40.3,2.912642,43.78035,3.889915,43.29365,2.671273,42.97811,-48.8783,-1.497023,-40.25935,0.004673603,-40.29707,-0.1316147"
"""2018-06-19 17:00:00"",298,12.72,39.94,3.394476,44.09793,4.551305,43.71488,3.081005,43.53227,-49.00064,-1.516282,-40.267,0.003165989,-40.26096,-0.1322177"
"""2018-06-19 17:30:00"",299,12.71,39.3,3.217218,43.95218,4.265085,43.35418,2.789357,43.26697,-48.94267,-1.507764,-40.26997,-7.538069E-005,-40.23093,-0.1154832"
"""2018-06-19 18:00:00"",300,12.7,38.64,0.8909703,40.86127,1.963788,40.74273,0.4983499,40.82765,-48.41117,-1.402646,-40.25075,-0.007764211,-40.19693,-0.1070029"
"""2018-06-19 18:30:00"",301,12.71,37.78,-3.417752,36.42538,-2.215845,36.50611,-3.439462,36.31713,-47.43393,-1.20349,-40.21076,-0.005955074,-40.18385,-0.09584653"
"""2018-06-19 19:00:00"",302,12.72,36.32,-7.568627,31.94125,-6.386281,32.53072,-7.08408,32.37235,-46.58563,-1.036597,-40.17918,-0.01307855,-40.15547,-0.08114731"
"""2018-06-19 19:30:00"",303,12.7,34.77,-11.22244,28.21371,-10.05868,29.02857,-10.29511,29.02322,-45.87091,-0.8992916,-40.15528,-0.01922208,-40.12622,-0.06350823"
"""2018-06-19 20:00:00"",304,12.68,32.7,-16.71685,22.54756,-15.47872,23.58827,-15.84192,23.72583,-44.73668,-0.6775783,-40.11123,-0.0182426,-40.09189,-0.05197635"
"""2018-06-19 20:30:00"",305,12.67,30.09,-21.09395,18.48867,-20.26705,18.66891,-21.08764,18.98321,-43.75937,-0.4983186,-40.07921,-0.01798287,-40.05979,-0.03302519"
"""2018-06-19 21:00:00"",306,12.66,27.15,-27.04375,12.72253,-26.50993,12.36879,-27.59715,12.75229,-42.54403,-0.2854042,-40.0425,-0.01357476,-40.03235,-0.02771507"
"""2018-06-19 21:30:00"",307,12.66,24.78,-32.08631,7.565583,-31.61796,7.313797,-32.64555,7.665264,-41.53134,-0.1025087,-40.006,-0.008033235,-40.01814,-0.02587252"
"""2018-06-19 22:00:00"",308,12.65,22.98,-36.79355,2.821371,-36.13944,2.593793,-37.16909,3.161002,-40.62563,0.05532921,-39.97646,-0.004714487,-40.00705,-0.01395487"
"""2018-06-19 22:30:00"",309,12.64,21.53,-41.71706,-1.971758,-41.22746,-2.347504,-42.17971,-2.000536,-39.58232,0.2524771,-39.94945,-0.00441305,-40.00136,-0.01357989"
"""2018-06-19 23:00:00"",310,12.63,20.31,-45.87751,-6.217141,-45.25112,-6.57261,-46.26543,-6.05623,-38.76377,0.4038762,-39.92522,0,-40.00969,-0.01358198"
"""2018-06-19 23:30:00"",311,12.62,19.44,-49.25533,-9.631673,-48.58798,-10.08928,-49.65642,-9.475438,-38.07727,0.5298235,-39.89998,0.00086776,-40.01302,-0.01358231"
"""2018-06-20 00:00:00"",312,12.61,18.69,-51.67361,-11.88164,-51.03289,-12.4521,-52.0372,-11.91458,-37.58913,0.6178833,-39.8861,0.009620824,-40.01204,-0.01358234"
"""2018-06-20 00:30:00"",313,12.6,18.07,-54.09764,-14.2524,-53.45919,-14.89051,-54.4255,-14.34325,-37.10575,0.7029616,-39.86738,0.01252594,-40.01022,-0.01358234"
"""2018-06-20 01:00:00"",314,12.59,17.41,-58.68904,-18.69871,-58.04325,-19.51856,-58.89169,-19.01885,-36.18854,0.8626322,-39.83202,0.01358297,-40.00298,-0.01418667"
"""2018-06-20 01:30:00"",315,12.58,16.79,-62.70932,-22.77286,-62.11568,-23.41463,-62.92007,-23.12249,-35.40482,0.9954826,-39.80188,0.01358502,-40.00366,-0.02656631"
"""2018-06-20 02:00:00"",316,12.57,16.24,-65.63007,-25.666,-64.96598,-26.69036,-65.8652,-26.22879,-34.76354,1.113504,-39.77597,0.01000126,-40.01853,-0.02717336"
"""2018-06-20 02:30:00"",317,12.55,15.8,-68.38748,-28.44655,-67.74833,-29.44289,-68.52603,-28.81981,-34.21574,1.221654,-39.7571,0.002038036,-40.04521,-0.02958933"
"""2018-06-20 03:00:00"",318,12.54,15.48,-69.72508,-29.83197,-69.10673,-30.67644,-69.87254,-30.06151,-33.95105,1.271135,-39.74358,-0.01154891,-40.15847,-0.05948067"
"""2018-06-20 03:30:00"",319,12.53,15.21,-70.89616,-31.13692,-70.21855,-32.14832,-71.16836,-31.29242,-33.69048,1.321294,-39.73641,-0.0294384,-40.43089,-0.1209616"
"""2018-06-20 04:00:00"",320,12.53,14.97,-71.74456,-32.00554,-71.04256,-33.03868,-72.04298,-32.1476,-33.51004,1.355827,-39.72837,-0.04004377,-40.72554,-0.1888587"
"""2018-06-20 04:30:00"",321,12.53,14.78,-71.76252,-32.10782,-71.0149,-33.14975,-72.05687,-32.10711,-33.51717,1.354355,-39.72671,-0.03838314,-40.98324,-0.2466032"
"""2018-06-20 05:00:00"",322,12.51,14.66,-71.44643,-31.79215,-70.64839,-32.73539,-71.68307,-31.7278,-33.59703,1.341825,-39.72867,-0.05653683,-41.3085,-0.3216334"
"""2018-06-20 05:30:00"",323,12.51,14.44,-71.59673,-32.07748,-70.91402,-32.81336,-71.94662,-31.9824,-33.54087,1.350921,-39.72652,-0.06310385,-41.57355,-0.3826992"
"""2018-06-20 06:00:00"",324,12.5,14.23,-73.07699,-33.39726,-72.3736,-34.29377,-73.41783,-33.50362,-33.21848,1.41093,-39.70988,-0.06268869,-41.80446,-0.4325558"
"""2018-06-20 06:30:00"",325,12.5,14.18,-72.89636,-32.88115,-71.37407,-34.17177,-72.48844,-32.32234,-33.46759,1.362219,-39.72342,-0.07605008,-42.18141,-0.5187631"
"""2018-06-20 07:00:00"",326,12.5,14.56,-68.21121,-24.42757,-66.4052,-30.05588,-66.68724,-26.0616,-34.79002,1.11021,-39.77698,-0.1180183,-42.74189,-0.6500253"
"""2018-06-20 07:30:00"",327,12.5,16.04,-57.60519,-14.51397,-58.72147,-21.63316,-59.99937,-18.8635,-36.2183,0.8608095,-39.8362,-0.2029741,-43.60836,-0.8549595"
"""2018-06-20 08:00:00"",328,12.51,18.15,-50.50798,-8.223227,-52.58817,-14.75544,-54.21471,-13.61897,-37.24691,0.6852338,-39.87258,-0.3169902,-44.10672,-0.9904106"
"""2018-06-20 08:30:00"",329,12.53,20.61,-46.13728,-4.22734,-48.13966,-8.896287,-48.887,-8.351033,-38.29609,0.4981605,-39.90483,-0.3560521,-43.85833,-0.9438278"
"""2018-06-20 09:00:00"",330,12.52,23.15,-43.09864,-1.822092,-44.98713,-4.037035,-45.18166,-5.05945,-38.95732,0.379477,-39.92065,-0.3946057,-43.04144,-0.7741591"
"""2018-06-20 09:30:00"",331,12.52,25.46,-37.47303,3.763762,-39.1048,1.860469,-39.34605,0.4191829,-40.069,0.1671034,-39.94806,-0.3870057,-41.85794,-0.515672"
"""2018-06-20 10:00:00"",332,13.05,27.34,-33.79007,7.275003,-34.72252,6.813507,-35.12209,4.87953,-40.97168,0.008561892,-39.97134,-0.350384,-41.11135,-0.3305831"
"""2018-06-20 10:30:00"",333,13,29.02,-27.34487,14.2142,-28.10974,11.70722,-29.28603,10.68293,-42.13921,-0.2044958,-40.01286,-0.2990875,-40.7031,-0.2047599"
"""2018-06-20 11:00:00"",334,12.99,30.64,-22.84765,19.39532,-23.64212,15.12737,-24.84342,14.56708,-42.90878,-0.3441713,-40.03978,-0.2645707,-40.54834,-0.1509143"
"""2018-06-20 11:30:00"",335,13,31.83,-20.222,21.18716,-20.27188,19.11586,-21.64921,18.09381,-43.5884,-0.4603938,-40.06119,-0.2254278,-40.455,-0.1273616"
"""2018-06-20 12:00:00"",336,13.21,32.95,-16.50768,26.88515,-16.47751,22.72319,-17.69178,21.74969,-44.33178,-0.5995935,-40.08743,-0.1925752,-40.39676,-0.1068815"
"""2018-06-20 12:30:00"",337,13.26,33.73,-14.28765,27.40461,-13.5472,26.38391,-14.72149,25.17019,-45.05602,-0.7401127,-40.11599,-0.1552016,-40.3559,-0.1069479"
"""2018-06-20 13:00:00"",338,13.32,34.61,-10.00065,32.00124,-9.49506,29.79356,-10.74539,28.94355,-45.86568,-0.9023632,-40.14967,-0.1298461,-40.33266,-0.09701703"
"""2018-06-20 13:30:00"",339,13.4,35.28,-7.157715,34.77414,-6.634534,32.60344,-7.931537,32.01592,-46.52515,-1.035167,-40.17857,-0.1035732,-40.30303,-0.09497981"
"""2018-06-20 14:00:00"",340,13.57,36.24,-4.414208,36.88468,-3.645212,35.84936,-4.785911,35.17263,-47.20221,-1.165762,-40.20338,-0.08446406,-40.28999,-0.09497967"
"""2018-06-20 14:30:00"",341,12.94,37.02,-2.366229,39.30259,-1.542959,37.5821,-2.581818,37.36198,-47.67341,-1.259008,-40.22015,-0.06678729,-40.28448,-0.09938943"
"""2018-06-20 15:00:00"",342,12.86,37.48,-0.8475723,41.10173,0.02092616,38.86387,-1.105638,38.85038,-47.99559,-1.323798,-40.2327,-0.04948742,-40.27416,-0.1048922"
"""2018-06-20 15:30:00"",343,12.76,37.78,-0.4611709,40.78204,0.4462994,39.32659,-0.5974591,39.45753,-48.12449,-1.35052,-40.23726,-0.03218755,-40.24913,-0.1034977"
"""2018-06-20 16:00:00"",344,12.74,37.74,-1.909121,39.52055,-0.9222744,37.94935,-1.956761,38.11221,-47.83216,-1.291648,-40.2278,-0.02638324,-40.23677,-0.09693956"
"""2018-06-20 16:30:00"",345,12.73,37.57,-2.407538,38.33036,-1.380137,37.67843,-2.719312,37.5181,-47.70179,-1.266923,-40.22328,-0.02513946,-40.21811,-0.09452737"
"""2018-06-20 17:00:00"",346,12.72,36.85,-4.64902,35.84792,-3.436258,35.80447,-4.849684,35.55032,-47.27529,-1.179519,-40.20613,-0.02314187,-40.18977,-0.0815619"
"""2018-06-20 17:30:00"",347,12.71,36.28,-3.71886,36.5181,-2.51537,36.63829,-4.22964,36.53758,-47.49103,-1.226104,-40.22083,-0.02702397,-40.16678,-0.08122268"
"""2018-06-20 18:00:00"",348,12.71,35.8,-4.229677,35.8457,-2.8729,36.11684,-4.442892,36.35452,-47.45251,-1.223805,-40.22166,-0.0280793,-40.1468,-0.07262929"
"""2018-06-20 18:30:00"",349,12.71,35.16,-4.30732,35.23504,-2.974363,35.99812,-4.217164,36.17741,-47.41584,-1.219584,-40.22184,-0.02758933,-40.13327,-0.0644128"
"""2018-06-20 19:00:00"",350,12.72,33.92,-6.819178,32.81741,-5.485879,33.19473,-6.060884,33.35032,-46.81058,-1.099203,-40.19934,-0.02853165,-40.10674,-0.05563104"
"""2018-06-20 19:30:00"",351,12.69,32.55,-10.84176,28.49153,-9.452444,29.64766,-9.764895,29.49538,-45.98512,-0.936349,-40.16653,-0.03170059,-40.08477,-0.04858697"
"""2018-06-20 20:00:00"",352,12.68,30.43,-14.66611,24.47616,-13.55661,25.26299,-14.06261,25.6419,-45.16382,-0.7783015,-40.13609,-0.03113957,-40.05934,-0.03257208"
"""2018-06-20 20:30:00"",353,12.67,27.53,-22.33668,17.27743,-21.40105,17.91378,-22.34953,17.70719,-43.51566,-0.4610074,-40.07401,-0.0185127,-40.03359,-0.02775066"
"""2018-06-20 21:00:00"",354,12.66,24.3,-31.4596,8.535498,-30.72029,8.20289,-31.82916,8.438536,-41.68649,-0.1316204,-40.01331,-0.005732397,-40.01339,-0.02191183"
"""2018-06-20 21:30:00"",355,12.65,21.81,-38.77938,1.243365,-38.06664,0.7388645,-39.09024,1.180717,-40.22647,0.1270341,-39.96304,-0.006713402,-40.00539,-0.0135781"
"""2018-06-20 22:00:00"",356,12.64,20.08,-42.68922,-2.934977,-41.76934,-3.703771,-43.06332,-2.638064,-39.45259,0.2759313,-39.94741,0,-40.00977,-0.01358151"
"""2018-06-20 22:30:00"",357,12.63,18.84,-46.82529,-6.97126,-46.08792,-7.709758,-47.27856,-7.140774,-38.54499,0.4419524,-39.91813,0.007885285,-40.00003,-0.01358228"
"""2018-06-20 23:00:00"",358,12.62,17.87,-51.6464,-11.85508,-50.75314,-12.44659,-51.90824,-11.60196,-37.65089,0.6030558,-39.89047,0.01358234,-40,-0.01358234"
"""2018-06-20 23:30:00"",359,12.62,17.09,-54.91893,-15.1109,-54.18755,-15.6508,-55.24761,-15.19695,-36.93571,0.7301019,-39.86262,0.01856412,-40,-0.01358321"
"""2018-06-21 00:00:00"",360,12.6,16.29,-58.46885,-18.52082,-57.71073,-19.82073,-58.81367,-19.08401,-36.17599,0.8619738,-39.83579,0.02717254,-40,-0.01358627"
"""2018-06-21 00:30:00"",361,12.59,15.7,-60.55087,-20.55027,-59.75883,-22.01131,-60.85212,-21.24686,-35.77021,0.9275703,-39.81839,0.01936132,-40.00585,-0.0135869"
"""2018-06-21 01:00:00"",362,12.58,15.19,-63.89726,-23.8979,-63.12125,-25.18549,-64.1211,-24.63284,-35.09417,1.050083,-39.78989,0.02151268,-40.0094,-0.01449275"
"""2018-06-21 01:30:00"",363,12.57,14.73,-66.4313,-26.42232,-65.65364,-27.87262,-66.68063,-27.16606,-34.55941,1.150626,-39.76751,0.0165308,-40.00883,-0.02694746"
"""2018-06-21 02:00:00"",364,12.56,14.28,-69.06476,-29.09865,-68.33015,-30.26362,-69.33578,-29.82031,-33.99543,1.259813,-39.748,0.01849335,-40.02838,-0.02800422"
"""2018-06-21 02:30:00"",365,12.55,13.85,-71.69319,-31.79242,-70.94701,-33.31008,-71.97444,-32.63934,-33.40021,1.372207,-39.72124,0.02075785,-40.06488,-0.03204257"
"""2018-06-21 03:00:00"",366,12.54,13.52,-73.81861,-33.9461,-73.07932,-35.558,-74.09552,-34.59012,-32.98739,1.450672,-39.70652,0.01358695,-40.15194,-0.05502717"
"""2018-06-21 03:30:00"",367,12.53,13.21,-75.54262,-35.76088,-74.76524,-37.31147,-75.79311,-36.25647,-32.63668,1.51606,-39.68916,0.008529717,-40.29609,-0.08839183"
"""2018-06-21 04:00:00"",368,12.52,12.81,-76.14197,-36.34756,-75.11231,-39.02891,-76.83932,-37.39315,-32.39531,1.561542,-39.68314,0.01049294,-40.43005,-0.1130431"
"""2018-06-21 04:30:00"",369,12.51,12.53,-76.16135,-36.36794,-75.29955,-38.487,-76.65758,-37.25064,-32.42336,1.556561,-39.68142,0.0008681514,-40.58734,-0.1545353"
"""2018-06-21 05:00:00"",370,12.5,11.91,-78.31369,-39.38815,-77.62953,-40.05759,-79.30838,-38.62157,-32.12796,1.612497,-39.67342,0.01472304,-40.61666,-0.16097"
"""2018-06-21 05:30:00"",371,12.5,11.61,-78.46104,-39.24062,-77.29707,-42.32766,-79.14249,-39.31432,-31.98296,1.637242,-39.66822,0.01464858,-40.6277,-0.1584539"
"""2018-06-21 06:00:00"",372,12.49,11.43,-77.88403,-38.30001,-77.05717,-40.72772,-78.61726,-38.78583,-32.09367,1.617358,-39.67293,0.01359156,-40.79367,-0.1987011"
"""2018-06-21 06:30:00"",373,12.49,11.2,-79.92149,-41.23954,-77.2589,-41.99459,-79.47969,-38.09426,-32.23559,1.588779,-39.67829,0.01483746,-40.7785,-0.1920941"
"""2018-06-21 07:00:00"",374,12.49,12.12,-73.09879,-22.5073,-70.1825,-35.07753,-71.05556,-30.44749,-33.85902,1.280363,-39.74293,-0.01461094,-40.98161,-0.2404197"
"""2018-06-21 07:30:00"",375,12.49,14.09,-59.97356,-5.156209,-63.11849,-27.1397,-66.18532,-25.06537,-34.99693,1.070408,-39.78765,-0.09580968,-42.04529,-0.4893995"
"""2018-06-21 08:00:00"",376,12.49,16.34,-50.41123,0.4005448,-55.60922,-18.16895,-59.17747,-18.36121,-36.31908,0.8427248,-39.84091,-0.2087179,-43.34198,-0.8004881"
"""2018-06-21 08:30:00"",377,12.51,19,-43.87049,5.185846,-49.5159,-9.94703,-53.39152,-12.40252,-37.48782,0.6417243,-39.87912,-0.2577591,-43.49112,-0.8405691"
"""2018-06-21 09:00:00"",378,12.51,21.84,-42.4642,2.541321,-47.14597,-3.445951,-48.27551,-9.111146,-38.14417,0.527135,-39.89703,-0.3115782,-42.90281,-0.7236732"
"""2018-06-21 09:30:00"",379,12.51,24.04,-38.90131,6.53782,-42.73249,0.5277407,-44.99688,-5.334056,-38.90391,0.3910736,-39.91904,-0.3001863,-41.82988,-0.4894998"
"""2018-06-21 10:00:00"",380,13.04,25.89,-33.24091,9.69116,-36.10875,10.44057,-37.31707,1.261681,-40.243,0.1345389,-39.95496,-0.2514611,-40.97809,-0.2857847"
"""2018-06-21 10:30:00"",381,13,27.88,-27.72799,15.32508,-29.63081,13.97571,-30.205,8.630368,-41.73,-0.1317043,-40.00373,-0.2415335,-40.6546,-0.1924272"
"""2018-06-21 11:00:00"",382,12.94,29.58,-23.30677,20.23945,-24.15157,16.92028,-25.39425,13.53118,-42.70253,-0.3092097,-40.03575,-0.2150057,-40.483,-0.1375422"
"""2018-06-21 11:30:00"",383,12.93,30.91,-18.68906,24.6536,-18.91737,23.09246,-19.98259,19.07315,-43.78027,-0.5050154,-40.07326,-0.178683,-40.37086,-0.1032357"
"""2018-06-21 12:00:00"",384,13.21,32.12,-14.36443,28.46391,-13.85764,28.35396,-14.80516,24.43514,-44.90794,-0.7245529,-40.11804,-0.1398364,-40.29773,-0.08219011"
"""2018-06-21 12:30:00"",385,13.25,33.1,-10.78675,33.26606,-10.1341,30.55539,-12.33455,28.14021,-45.69953,-0.883407,-40.15079,-0.1166419,-40.26612,-0.08154364"
"""2018-06-21 13:00:00"",386,13.29,34.19,-8.097526,34.86446,-7.457959,32.78307,-8.521244,31.12606,-46.33848,-1.005663,-40.17588,-0.09879873,-40.25048,-0.08096882"
"""2018-06-21 13:30:00"",387,13.36,35.52,-4.49927,39.81685,-3.458696,35.69456,-5.072326,35.22702,-47.21987,-1.180822,-40.2108,-0.0856341,-40.25498,-0.08107343"
"""2018-06-21 14:00:00"",388,13.13,36.65,0.1832745,44.01194,1.436216,41.2925,-0.5700432,40.19846,-48.29215,-1.399105,-40.25377,-0.06705122,-40.252,-0.08141125"
"""2018-06-21 14:30:00"",389,12.93,37.44,4.312124,46.52722,5.639729,46.06864,4.547085,44.88683,-49.30732,-1.606965,-40.29726,-0.05107041,-40.22539,-0.08141114"
"""2018-06-21 15:00:00"",390,12.85,38.12,9.758678,52.11666,11.15345,50.168,9.435144,50.3163,-50.47569,-1.84694,-40.34977,-0.04466305,-40.19916,-0.08141113"
"""2018-06-21 15:30:00"",391,12.76,38.9,15.25423,56.91573,16.6467,56.34129,15.06537,55.93503,-51.67221,-2.084615,-40.40211,-0.04752752,-40.16882,-0.08137345"
"""2018-06-21 16:00:00"",392,12.74,39.62,19.63117,61.09789,21.06371,61.13762,19.7424,60.43236,-52.61394,-2.259913,-40.44196,-0.05088196,-40.13987,-0.08107192"
"""2018-06-21 16:30:00"",393,12.73,40.07,22.85679,64.46304,24.69016,63.0449,22.91479,64.091,-53.25565,-2.385158,-40.46913,-0.0577793,-40.10685,-0.07930048"
"""2018-06-21 17:00:00"",394,12.72,40.3,22.17644,63.60437,23.73188,62.7577,22.56733,63.2569,-53.16508,-2.375886,-40.46924,-0.06215137,-40.09117,-0.07809439"
"""2018-06-21 17:30:00"",395,12.71,40.03,21.16427,62.59556,22.60136,61.41905,21.33447,61.78883,-52.87864,-2.328773,-40.46223,-0.06852105,-40.07184,-0.07982814"
"""2018-06-21 18:00:00"",396,12.7,39.85,15.67327,56.8264,16.96937,56.09717,15.66434,56.05116,-51.61929,-2.131615,-40.42077,-0.06188754,-40.06788,-0.07590835"
"""2018-06-21 18:30:00"",397,12.7,39.13,7.364399,47.78777,8.573356,47.35946,7.60901,47.74699,-49.87807,-1.73858,-40.33461,-0.0464345,-40.08047,-0.08054426"
"""2018-06-21 19:00:00"",398,12.71,38.03,4.137541,44.40152,5.403447,44.27684,5.071094,44.67851,-49.22381,-1.603649,-40.30936,-0.04063019,-40.08785,-0.06870949"
"""2018-06-21 19:30:00"",399,12.69,37.1,0.3345854,39.89677,1.687103,40.26742,1.448222,40.71258,-48.37555,-1.417006,-40.26881,-0.03184834,-40.08544,-0.06313132"
"""2018-06-21 20:00:00"",400,12.67,35.36,-5.705669,33.87589,-4.561503,34.11458,-5.079293,34.41331,-47.02442,-1.13659,-40.20876,-0.02841852,-40.07365,-0.0554425"
"""2018-06-21 20:30:00"",401,12.66,32.7,-12.4163,27.19189,-11.4679,27.29396,-12.3173,27.61807,-45.56981,-0.8473135,-40.14997,-0.02713826,-40.05247,-0.04108394"
"""2018-06-21 21:00:00"",402,12.66,29.65,-18.71363,21.01409,-17.72431,20.90468,-18.91039,21.69654,-44.30557,-0.6008956,-40.10096,-0.02714389,-40.02978,-0.02763399"
"""2018-06-21 21:30:00"",403,12.65,27.31,-22.44225,17.4892,-21.6129,16.86985,-22.79193,17.71911,-43.50877,-0.4559459,-40.07489,-0.02062688,-40.01738,-0.02715117"
"""2018-06-21 22:00:00"",404,12.64,25.43,-27.2992,12.5505,-26.58291,12.04176,-27.72388,12.67598,-42.52859,-0.284713,-40.04299,-0.01372841,-40.01188,-0.02164861"
"""2018-06-21 22:30:00"",405,12.63,23.81,-32.49458,7.551775,-31.54123,6.203244,-32.99009,7.361498,-41.47167,-0.0914987,-40.00611,-0.001320054,-40.00015,-0.01357772"
"""2018-06-21 23:00:00"",406,12.62,22.67,-35.29056,4.378594,-34.07279,3.865885,-35.4266,5.23588,-41.04424,-0.01459599,-39.99147,-0.004639078,-40.00645,-0.01357775"
"""2018-06-21 23:30:00"",407,12.61,21.84,-38.12811,-0.1134169,-36.73552,1.812108,-37.69323,3.094845,-40.61303,0.05975454,-39.9791,-0.0124487,-40.01297,-0.01358034"
"""2018-06-22 00:00:00"",408,12.6,21.12,-40.05037,-1.805409,-38.82002,-0.1974012,-39.90459,0.8915437,-40.17015,0.1337841,-39.95918,-0.00584779,-40.01173,-0.01358211"
"""2018-06-22 00:30:00"",409,12.59,20.34,-43.89058,-4.668547,-42.96257,-4.791166,-44.36479,-3.923558,-39.192,0.3259004,-39.93782,0.002980568,-40.00023,-0.01358232"
"""2018-06-22 01:00:00"",410,12.58,19.63,-48.11695,-8.358195,-47.3382,-9.54499,-48.5774,-8.420071,-38.28813,0.4923598,-39.90855,0.01358234,-40,-0.01358234"
"""2018-06-22 01:30:00"",411,12.57,18.95,-51.16427,-11.12262,-50.37026,-12.75201,-51.56974,-11.65021,-37.6409,0.608187,-39.88715,0.0139219,-40,-0.01358234"
"""2018-06-22 02:00:00"",412,12.56,18.3,-54.61237,-14.70013,-53.75012,-16.33333,-55.02229,-15.18057,-36.93895,0.7318995,-39.86376,0.0264101,-40,-0.01358234"
"""2018-06-22 02:30:00"",413,12.55,17.87,-56.92043,-16.86825,-56.14646,-18.3319,-57.22799,-17.42471,-36.49745,0.8100357,-39.84516,0.02690058,-40.00003,-0.01358234"
"""2018-06-22 03:00:00"",414,12.54,17.41,-60.18327,-20.09472,-59.40862,-21.51311,-60.41458,-20.71837,-35.86373,0.9176616,-39.81907,0.02286574,-40.00985,-0.01358378"
"""2018-06-22 03:30:00"",415,12.53,16.96,-62.39019,-22.40525,-61.67242,-23.66718,-62.64088,-22.93252,-35.44672,0.9866499,-39.80229,0.01415162,-40.00498,-0.02309559"
"""2018-06-22 04:00:00"",416,12.52,16.46,-65.6748,-25.88381,-64.86906,-27.14882,-66.02274,-26.23635,-34.76531,1.11306,-39.7768,0.02634327,-40.01359,-0.02717357"
"""2018-06-22 04:30:00"",417,12.51,16,-66.32727,-27.1563,-65.37392,-27.97148,-67.22061,-26.41426,-34.72389,1.1213,-39.77487,0.02456972,-40.02174,-0.02717388"
"""2018-06-22 05:00:00"",418,12.5,15.48,-67.99554,-29.2138,-66.76992,-29.47339,-68.31159,-27.62179,-34.46826,1.169686,-39.76543,0.01660628,-40.02717,-0.02717391"
"""2018-06-22 05:30:00"",419,12.5,15.29,-67.36061,-28.49626,-65.77735,-30.59642,-67.75679,-27.306,-34.53521,1.155306,-39.76932,0.0220788,-40.03019,-0.02717391"
"""2018-06-22 06:00:00"",420,12.5,15.21,-67.02155,-27.84318,-65.7504,-30.75452,-68.02932,-27.15809,-34.56676,1.149419,-39.77049,0.01977657,-40.03332,-0.02717391"
"""2018-06-22 06:30:00"",421,12.5,15.41,-64.82691,-25.11462,-62.64315,-27.37775,-64.82796,-24.27777,-35.17304,1.033288,-39.79491,0.01090731,-40.05752,-0.02819293"
"""2018-06-22 07:00:00"",422,12.49,16.04,-57.62922,-6.846013,-51.3776,-22.8294,-55.35443,-12.02796,-37.57269,0.6118281,-39.88598,-0.009133453,-40.08273,-0.03400513"
"""2018-06-22 07:30:00"",423,12.49,18.1,-42.25257,7.536868,-42.99107,-10.48606,-44.43181,-2.230521,-39.53639,0.2601863,-39.94716,-0.04196778,-40.18836,-0.06582005"
"""2018-06-22 08:00:00"",424,12.5,20.5,-39.57313,3.018868,-42.29565,-0.3854897,-42.64679,-3.944593,-39.18864,0.3338193,-39.93899,-0.1015751,-40.64578,-0.1787365"
"""2018-06-22 08:30:00"",425,12.52,23.61,-31.98687,10.52999,-35.12378,5.968811,-35.10257,3.311,-40.65857,0.06244372,-39.97559,-0.1506114,-40.92838,-0.250592"
"""2018-06-22 09:00:00"",426,12.52,27.03,-28.35769,14.08269,-29.85987,12.52227,-30.46187,10.63812,-42.12922,-0.2028877,-40.01991,-0.2061705,-40.84536,-0.232877"
"""2018-06-22 09:30:00"",427,12.52,29.99,-21.24008,22.02219,-22.84439,19.33963,-24.69643,15.61302,-43.1109,-0.3770806,-40.04929,-0.1975172,-40.56419,-0.1447909"
"""2018-06-22 10:00:00"",428,12.95,32.26,-14.7989,30.08644,-16.11324,25.99383,-19.43901,20.84176,-44.14666,-0.5707462,-40.08295,-0.1533882,-40.40598,-0.1025226"
"""2018-06-22 10:30:00"",429,12.89,34.23,-8.125622,34.17439,-8.030136,33.40271,-9.214768,29.91306,-46.0829,-0.9532759,-40.16252,-0.1258806,-40.32912,-0.08659697"
"""2018-06-22 11:00:00"",430,12.89,35.71,-2.673299,39.93533,-1.849343,38.16293,-3.93367,36.33489,-47.4655,-1.229229,-40.21895,-0.08405488,-40.27067,-0.08149154"
"""2018-06-22 11:30:00"",431,12.9,36.85,0.2740619,43.20853,1.221149,40.90183,-1.167601,39.35614,-48.11337,-1.357349,-40.24469,-0.05627197,-40.23523,-0.07888628"
"""2018-06-22 12:00:00"",432,13.14,37.31,4.139512,48.08535,5.197254,44.75706,3.251942,44.02787,-49.12223,-1.562793,-40.28946,-0.04978896,-40.18935,-0.07715215"
"""2018-06-22 12:30:00"",433,13.16,37.74,6.94615,50.98598,8.140255,47.50076,6.264218,47.09574,-49.78125,-1.697611,-40.32112,-0.04779135,-40.15728,-0.06784262"
"""2018-06-22 13:00:00"",434,13.18,38.42,9.837489,53.56533,11.0109,50.38829,9.105769,49.92791,-50.38704,-1.817202,-40.34698,-0.04907283,-40.14816,-0.07078247"
"""2018-06-22 13:30:00"",435,13.21,39.08,14.68371,57.37367,15.88958,55.25302,14.10909,55.0109,-51.47226,-2.039311,-40.39529,-0.05272879,-40.12984,-0.06919947"
"""2018-06-22 14:00:00"",436,12.99,39.98,15.09993,57.34111,16.33726,56.32381,14.72936,55.43748,-51.55725,-2.050581,-40.39917,-0.05287955,-40.12211,-0.07975277"
"""2018-06-22 14:30:00"",437,12.87,40.72,15.12281,57.71718,16.3315,56.18337,14.80131,55.46179,-51.55748,-2.049186,-40.39718,-0.04948742,-40.12159,-0.07956431"
"""2018-06-22 15:00:00"",438,12.81,41.57,16.82592,59.39881,18.04505,57.96857,16.51938,57.24707,-51.89628,-2.152194,-40.41885,-0.04914821,-40.11737,-0.08144882"
"""2018-06-22 15:30:00"",439,12.75,42.55,18.53947,61.64711,19.8693,59.08278,18.36953,59.04475,-52.29771,-2.181103,-40.42213,-0.04194935,-40.12144,-0.09565809"
"""2018-06-22 16:00:00"",440,12.72,43.45,22.01995,64.83614,23.35686,62.41728,21.8263,62.47038,-53.01161,-2.309174,-40.44783,-0.04081864,-40.11793,-0.106136"
"""2018-06-22 16:30:00"",441,12.71,43.97,21.63475,63.65925,22.88087,62.04226,21.65699,61.97947,-52.90419,-2.286673,-40.44339,-0.03697423,-40.10824,-0.1008217"
"""2018-06-22 17:00:00"",442,12.69,43.61,20.40737,62.82098,21.64561,60.73968,20.51068,60.74767,-52.64092,-2.239786,-40.43578,-0.04081864,-40.09023,-0.1048545"
"""2018-06-22 17:30:00"",443,12.69,43.2,18.85049,60.64161,19.96895,59.04294,18.91419,59.06657,-52.29036,-2.174808,-40.42179,-0.04748983,-40.08208,-0.09682649"
"""2018-06-22 18:00:00"",444,12.69,42.9,15.24047,56.4985,16.33881,55.77929,15.48754,55.40522,-51.51975,-2.02465,-40.39107,-0.03976331,-40.08393,-0.09497966"
"""2018-06-22 18:30:00"",445,12.69,42.55,14.17972,54.30145,15.31887,55.12028,15.10856,54.57407,-51.34373,-1.990012,-40.38444,-0.03806724,-40.09497,-0.09497966"
"""2018-06-22 19:00:00"",446,12.69,41.86,14.16215,53.97668,15.4379,54.47513,15.78928,54.18525,-51.2647,-1.978554,-40.38293,-0.04274085,-40.08695,-0.08521786"
"""2018-06-22 19:30:00"",447,12.68,40.96,12.2652,51.96081,13.62797,52.43017,14.2384,52.29063,-50.86443,-1.901704,-40.36752,-0.04549224,-40.08284,-0.0803935"
"""2018-06-22 20:00:00"",448,12.67,39.3,5.92086,45.55628,7.202934,46.46413,7.424101,46.15133,-49.5476,-1.639643,-40.31294,-0.04157245,-40.07463,-0.06614655"
"""2018-06-22 20:30:00"",449,12.65,36.65,-1.41534,38.60188,-0.295861,39.19332,-0.3457252,39.14862,-48.04119,-1.340005,-40.252,-0.03731344,-40.05462,-0.05174884"
"""2018-06-22 21:00:00"",450,12.65,33.47,-6.636419,33.71118,-5.562601,32.46841,-6.87536,33.7134,-46.87833,-1.110939,-40.20712,-0.04066997,-40.03313,-0.03132207"
"""2018-06-22 21:30:00"",451,12.64,30.91,-11.44182,28.9679,-10.33084,26.84224,-11.98718,28.62038,-45.7891,-0.8948783,-40.16166,-0.03498536,-40.02431,-0.02718162"
"""2018-06-22 22:00:00"",452,12.63,28.79,-17.00313,23.37477,-15.41573,21.23331,-17.22921,23.65468,-44.72666,-0.6836186,-40.12048,-0.03499383,-40.01357,-0.02715024"
"""2018-06-22 22:30:00"",453,12.62,27.12,-23.8232,16.6665,-21.85265,15.14952,-23.58484,17.68417,-43.51008,-0.4540532,-40.07584,-0.02085649,-40.00449,-0.01881986"
"""2018-06-22 23:00:00"",454,12.61,25.7,-28.86054,10.53019,-26.23522,10.89219,-27.33146,14.02302,-42.79871,-0.3300516,-40.05118,-0.01384172,-40,-0.01357771"
"""2018-06-22 23:30:00"",455,12.6,24.75,-28.42608,11.24647,-26.49661,9.681147,-27.78185,13.2995,-42.65682,-0.3052349,-40.04635,-0.01357773,-40.00121,-0.01357773"
"""2018-06-23 00:00:00"",456,12.59,23.93,-29.85525,10.21226,-28.76514,8.307532,-30.27823,10.19133,-42.03839,-0.1946141,-40.02323,-0.01346458,-40.01022,-0.01357773"
"""2018-06-23 00:30:00"",457,12.58,23.1,-32.74224,7.621674,-31.33989,5.591993,-32.92816,7.660158,-41.53259,-0.1025976,-40.01019,-0.001961338,-40.01305,-0.0135791"
"""2018-06-23 01:00:00"",458,12.57,22.19,-37.413,2.885789,-35.9016,1.363215,-37.42088,3.530629,-40.69996,0.04263422,-39.97929,-0.005017688,-40.00396,-0.01358158"
"""2018-06-23 01:30:00"",459,12.56,21.56,-41.8023,-3.093782,-39.77831,-2.444777,-41.20399,-0.005209699,-39.98679,0.1747966,-39.95506,-0.003206923,-40,-0.01358228"
"""2018-06-23 02:00:00"",460,12.55,21.12,-42.14069,-3.789736,-39.56461,-3.492321,-41.01105,0.2430486,-40.03878,0.1640445,-39.95631,-0.002867383,-40,-0.01358234"
"""2018-06-23 02:30:00"",461,12.55,21.31,-42.00913,-2.418185,-40.12179,-5.48421,-41.46844,-0.9760421,-39.78996,0.215846,-39.95416,-0.003621958,-40.00003,-0.01358234"
"""2018-06-23 03:00:00"",462,12.53,22.11,-42.85742,-4.480437,-40.11413,-4.930842,-41.10888,-0.2471986,-39.94027,0.1946425,-39.9568,-0.005659309,-40.00728,-0.01358234"
"""2018-06-23 03:30:00"",463,12.53,23.1,-32.53858,6.379399,-30.52526,6.02075,-31.54443,9.270664,-41.8558,-0.1569892,-40.01947,-0.02591963,-40.01917,-0.02539143"
"""2018-06-23 04:00:00"",464,12.53,24.28,-17.01789,22.1034,-15.54779,21.73994,-16.47716,24.22473,-44.87877,-0.7262967,-40.12909,-0.04772078,-40.03452,-0.02716163"
"""2018-06-23 04:30:00"",465,12.52,24.81,-13.66613,26.04586,-12.29723,25.25908,-13.49758,27.46862,-45.56633,-0.8652304,-40.15905,-0.05374692,-40.03938,-0.02715634"
"""2018-06-23 05:00:00"",466,12.52,25.46,-9.139997,30.70567,-7.965067,29.35928,-9.129663,31.874,-46.51533,-1.057029,-40.20178,-0.0553294,-40.04043,-0.02715554"
"""2018-06-23 05:30:00"",467,12.51,25.83,-8.219457,31.73015,-7.136745,30.5596,-8.339657,32.61998,-46.67783,-1.091235,-40.20755,-0.0544241,-40.03383,-0.02715547"
"""2018-06-23 06:00:00"",468,12.51,26.1,-7.263622,32.73872,-6.199316,31.71469,-7.348671,33.61014,-46.89277,-1.134797,-40.21622,-0.0584597,-40.02716,-0.02715547"
"""2018-06-23 06:30:00"",469,12.51,26.16,-9.171105,31.02747,-7.978075,29.8198,-9.28482,31.66411,-46.46964,-1.048805,-40.20039,-0.05431095,-40.02716,-0.02715547"
"""2018-06-23 07:00:00"",470,12.51,26.41,-8.30594,33.75139,-7.008964,30.34628,-8.478301,32.62779,-46.67862,-1.091763,-40.20766,-0.05431095,-40.02716,-0.02715547"
"""2018-06-23 07:30:00"",471,12.51,27.34,-3.525029,38.9735,-2.495536,34.71801,-4.48128,36.59328,-47.53704,-1.265294,-40.24455,-0.05713965,-40.03281,-0.02715547"
"""2018-06-23 08:00:00"",472,12.52,28.69,0.1745642,42.34542,1.069714,38.94118,-0.9135028,39.99481,-48.27208,-1.413518,-40.27536,-0.06057179,-40.02784,-0.02715547"
"""2018-06-23 08:30:00"",473,12.53,30.33,2.324393,44.10318,3.262421,41.50924,1.355853,42.247,-48.75804,-1.511344,-40.29565,-0.06739799,-40.03711,-0.0271176"
"""2018-06-23 09:00:00"",474,12.53,32.01,2.96259,43.52473,3.9059,42.50905,2.19586,42.95158,-48.90876,-1.540732,-40.29977,-0.06153754,-40.04962,-0.02752585"
"""2018-06-23 09:30:00"",475,12.53,33.06,3.19331,43.70242,4.052529,42.67587,2.689821,43.26909,-48.97333,-1.552996,-40.30234,-0.05448117,-40.05429,-0.02714633"
"""2018-06-23 10:00:00"",476,12.75,33.77,4.102781,44.49939,4.978629,43.49596,3.580712,44.23899,-49.18052,-1.595164,-40.31347,-0.05455195,-40.05429,-0.02714402"
"""2018-06-23 10:30:00"",477,12.72,34.65,5.666208,45.97188,6.536965,45.12182,5.035562,45.69139,-49.48861,-1.655899,-40.32286,-0.05828426,-40.05429,-0.02718173"
"""2018-06-23 11:00:00"",478,12.77,35.44,7.785809,48.21871,8.689729,47.23899,7.299938,47.88041,-49.95674,-1.74708,-40.34267,-0.064983,-40.05688,-0.03720305"
"""2018-06-23 11:30:00"",479,12.9,36.36,9.354984,49.90896,10.25526,48.87627,8.922334,49.52888,-50.30682,-1.814123,-40.35715,-0.06769228,-40.06324,-0.04070583"
"""2018-06-23 12:00:00"",480,13.08,36.85,10.61917,51.22866,11.50044,50.27227,10.18954,50.81636,-50.57972,-1.867256,-40.37057,-0.06791802,-40.06245,-0.04070558"
"""2018-06-23 12:30:00"",481,13.11,37.48,13.03069,53.74417,13.91785,52.84819,12.81887,53.32022,-51.11232,-1.972336,-40.3904,-0.07440073,-40.06381,-0.04070557"
"""2018-06-23 13:00:00"",482,13.12,38.25,13.56318,54.27108,14.44415,53.84797,13.52662,53.84698,-51.22034,-1.990502,-40.39495,-0.07195087,-40.05774,-0.04436153"
"""2018-06-23 13:30:00"",483,13.15,38.64,13.41751,54.13004,14.3105,53.48817,13.25107,53.7119,-51.18974,-1.984133,-40.39258,-0.06840797,-40.05454,-0.05333184"
"""2018-06-23 14:00:00"",484,13.18,38.95,15.03088,55.7491,15.91189,55.22739,15.00921,55.46036,-51.55808,-2.057403,-40.40638,-0.07406152,-40.06027,-0.05427409"
"""2018-06-23 14:30:00"",485,12.91,39.48,16.68036,57.43503,17.61433,56.99126,16.71187,57.16502,-51.91267,-2.125434,-40.42187,-0.08129807,-40.05522,-0.05427409"
"""2018-06-23 15:00:00"",486,12.86,39.89,17.89233,58.60543,18.83142,58.28306,17.93624,58.38124,-52.16267,-2.171152,-40.43054,-0.08129807,-40.05428,-0.05427409"
"""2018-06-23 15:30:00"",487,12.74,40.54,18.98486,59.76595,19.95527,59.45105,19.13083,59.63419,-52.41738,-2.214873,-40.44316,-0.07979046,-40.05435,-0.05412333"
"""2018-06-23 16:00:00"",488,12.71,41.1,18.24553,58.8592,19.18055,58.90025,18.27161,58.67007,-52.21479,-2.174243,-40.42993,-0.07722751,-40.05522,-0.05491483"
"""2018-06-23 16:30:00"",489,12.7,41.43,19.16788,59.74183,20.09315,59.95052,19.44287,59.73814,-52.43412,-2.212423,-40.44045,-0.07911202,-40.05454,-0.05434947"
"""2018-06-23 17:00:00"",490,12.69,41.48,20.17301,60.65737,21.12149,61.13724,20.70953,60.79316,-52.65091,-2.252601,-40.44859,-0.08110961,-40.05428,-0.05442486"
"""2018-06-23 17:30:00"",491,12.68,41.67,21.46975,61.89986,22.37258,62.35791,22.14154,62.03178,-52.90838,-2.297716,-40.45801,-0.07858437,-40.05171,-0.05442486"
"""2018-06-23 18:00:00"",492,12.68,41.57,23.77417,64.11331,24.5299,64.92768,25.28574,64.39535,-53.41584,-2.388324,-40.47482,-0.08118499,-40.0401,-0.05359567"
"""2018-06-23 18:30:00"",493,12.68,41.24,22.31446,62.59371,23.18812,63.49126,24.14568,62.9944,-53.1107,-2.335934,-40.46766,-0.08141113,-40.02755,-0.05427409"
"""2018-06-23 19:00:00"",494,12.69,40.86,20.85189,61.12951,21.78499,61.80236,21.69302,61.52413,-52.79794,-2.282226,-40.4544,-0.08141113,-40.02721,-0.05159808"
"""2018-06-23 19:30:00"",495,12.67,40.07,17.59069,57.55711,18.74459,58.12119,18.28895,58.48101,-52.171,-2.167308,-40.43087,-0.07892358,-40.02714,-0.04074326"
"""2018-06-23 20:00:00"",496,12.66,38.95,12.88057,52.3604,14.24775,53.29799,13.96149,54.17448,-51.26217,-1.986922,-40.39322,-0.07462688,-40.02714,-0.04070557"
"""2018-06-23 20:30:00"",497,12.65,36.53,1.880945,41.76271,2.81951,40.87627,1.306544,42.47023,-48.75539,-1.485489,-40.28675,-0.05461331,-40.02755,-0.03056687"
"""2018-06-23 21:00:00"",498,12.64,32.99,-7.41535,32.1487,-5.625067,32.44882,-7.509029,33.97734,-46.93456,-1.123978,-40.21179,-0.04617276,-40.017,-0.02634692"
"""2018-06-23 21:30:00"",499,12.63,29.99,-14.12004,24.96577,-11.83092,25.56695,-13.43797,28.47131,-45.75954,-0.8929366,-40.16456,-0.03739897,-40.00581,-0.02544767"
"""2018-06-23 22:00:00"",500,12.62,28.04,-16.98099,22.05153,-14.27865,22.35615,-15.33918,26.3203,-45.29955,-0.8018743,-40.14576,-0.03043379,-40,-0.01376496"
"""2018-06-23 22:30:00"",501,12.62,27.09,-15.7525,22.85146,-13.46263,23.5596,-14.61032,26.41264,-45.32349,-0.8075672,-40.14645,-0.03243547,-40,-0.01357763"
"""2018-06-23 23:00:00"",502,12.61,26.59,-12.83105,26.53721,-11.0483,26.69539,-11.98829,28.93971,-45.87194,-0.9207205,-40.17353,-0.04020515,-40,-0.01357772"
"""2018-06-23 23:30:00"",503,12.6,25.55,-20.17904,18.91943,-18.64661,19.37557,-20.22743,20.80655,-44.13517,-0.5759974,-40.09889,-0.02930526,-40.00158,-0.01357773"
"""2018-06-24 00:00:00"",504,12.58,24.28,-27.319,11.23704,-24.4621,12.08746,-26.61907,15.14724,-43.01365,-0.3726709,-40.0594,-0.01931055,-40.01116,-0.01357773"
"""2018-06-24 00:30:00"",505,12.58,23.29,-31.23442,7.660405,-27.88433,8.501757,-29.39645,12.37044,-42.47001,-0.2757826,-40.04341,-0.0145963,-40.00618,-0.01357797"
"""2018-06-24 01:00:00"",506,12.57,22.45,-31.0816,8.086731,-28.21448,8.170949,-29.33452,12.2985,-42.45697,-0.2754993,-40.04285,-0.0149012,-40.0043,-0.01358074"
"""2018-06-24 01:30:00"",507,12.56,23.78,-3.870879,35.66114,-0.9350225,34.5314,-0.6771839,41.01994,-48.50803,-1.463821,-40.28896,-0.06915597,-40.00999,-0.01358218"
"""2018-06-24 02:00:00"",508,12.55,26.31,8.01116,48.4113,8.969563,46.75166,7.791183,48.85339,-50.19585,-1.803374,-40.36027,-0.08392802,-40.01358,-0.0226696"
"""2018-06-24 02:30:00"",509,12.55,27.4,2.771763,43.1929,3.629997,42.18588,2.425263,43.33075,-48.999,-1.564058,-40.30803,-0.0707558,-40.01357,-0.02715573"
"""2018-06-24 03:00:00"",510,12.54,27.53,0.4089125,40.80828,1.366144,39.31028,0.04898938,41.15463,-48.5266,-1.467792,-40.29475,-0.06788871,-40.01357,-0.02692919"
"""2018-06-24 03:30:00"",511,12.53,27.25,-1.260791,39.06126,-0.2660713,37.69338,-1.641081,39.38788,-48.14381,-1.391529,-40.27344,-0.05883686,-40.01357,-0.0239119"
"""2018-06-24 04:00:00"",512,12.52,26.13,-6.191395,34.12802,-4.964232,32.40025,-6.820988,34.5923,-47.10613,-1.181603,-40.22569,-0.05706421,-40.01339,-0.01410576"
"""2018-06-24 04:30:00"",513,12.52,25.13,-10.27309,30.04274,-8.942245,27.53041,-10.84004,30.8238,-46.29022,-1.015992,-40.19186,-0.04816325,-40.00166,-0.01357774"
"""2018-06-24 05:00:00"",514,12.51,23.96,-18.78641,21.45826,-17.4441,19.52226,-19.46835,22.23905,-44.44392,-0.6423024,-40.11258,-0.03209626,-40.00234,-0.01357774"
"""2018-06-24 05:30:00"",515,12.51,22.42,-29.76722,9.667356,-28.01896,9.877766,-29.72418,11.88404,-42.36834,-0.2594662,-40.03821,-0.0140313,-40.00581,-0.01357916"
"""2018-06-24 06:00:00"",516,12.51,20.88,-41.01228,-1.946232,-39.73958,-1.131427,-41.31455,0.1284058,-40.01119,0.1705682,-39.95676,-0.001471328,-40,-0.01358191"
"""2018-06-24 06:30:00"",517,12.5,19.92,-44.89676,-5.716529,-40.66478,-6.134602,-43.26915,-0.8656062,-39.81219,0.202565,-39.95205,-0.001471419,-40,-0.01358231"
"""2018-06-24 07:00:00"",518,12.5,20.08,-39.56687,8.882285,-32.99766,-2.887907,-36.32058,7.299263,-41.45946,-0.09726465,-40.00785,-0.01014903,-40.00038,-0.01358234"
"""2018-06-24 07:30:00"",519,12.5,21.81,-28.67025,22.95808,-28.74273,5.826861,-32.57174,9.312694,-41.86342,-0.162724,-40.02196,-0.009054894,-40.00457,-0.01358234"
"""2018-06-24 08:00:00"",520,12.51,23.96,-24.69359,26.35967,-27.72787,6.714009,-32.31384,8.578702,-41.71729,-0.1335588,-40.01456,-0.01029985,-40.00664,-0.01358225"
"""2018-06-24 08:30:00"",521,12.52,27.21,-19.94916,31.86807,-23.08326,12.02891,-27.22494,13.60513,-42.71796,-0.3134484,-40.0496,-0.02504564,-40.01426,-0.01652104"
"""2018-06-24 09:00:00"",522,12.52,30.57,-20.08297,23.68241,-21.81328,17.25551,-24.1869,16.61381,-43.30848,-0.4125749,-40.06596,-0.02813611,-40.04217,-0.02779668"
"""2018-06-24 09:30:00"",523,12.52,33.17,-11.51935,29.82404,-11.8559,27.96682,-13.2891,27.32009,-45.55209,-0.8528328,-40.15437,-0.0417788,-40.07432,-0.02718694"
"""2018-06-24 10:00:00"",524,12.78,35.12,1.17572,42.02647,1.542995,41.67457,-0.1700771,39.7898,-48.20543,-1.3835,-40.26266,-0.05673949,-40.08143,-0.03577778"
"""2018-06-24 10:30:00"",525,12.74,36.24,2.014835,43.0351,2.680485,41.94247,0.729358,41.32151,-48.53273,-1.449354,-40.27726,-0.05427731,-40.07896,-0.04070798"
"""2018-06-24 11:00:00"",526,12.73,37.19,3.379903,44.13767,4.072843,43.83976,2.475142,42.8329,-48.85588,-1.512521,-40.28942,-0.05438742,-40.07888,-0.04070576"
"""2018-06-24 11:30:00"",527,12.77,38.34,5.04536,46.47944,5.719565,45.54442,4.066203,44.30825,-49.16957,-1.573082,-40.30152,-0.05329416,-40.08344,-0.04432385"
"""2018-06-24 12:00:00"",528,13.06,38.64,-1.735293,41.44799,-1.608842,37.37762,-3.5436,36.50502,-47.47309,-1.223466,-40.22463,-0.02774009,-40.0816,-0.05427409"
"""2018-06-24 12:30:00"",529,13.08,38.51,-1.982579,40.38204,-1.557394,37.44905,-3.259227,37.00359,-47.58001,-1.245251,-40.22957,-0.02958692,-40.08695,-0.05427409"
"""2018-06-24 13:00:00"",530,13.1,38.6,-0.1807926,42.20685,0.1618505,38.33545,-1.702163,38.47694,-47.89891,-1.310795,-40.24371,-0.03648425,-40.0897,-0.05427409"
"""2018-06-24 13:30:00"",531,13.11,39.17,2.070414,43.93963,2.554396,41.16253,0.8947015,41.11251,-48.46683,-1.422433,-40.26756,-0.04055481,-40.08382,-0.05427409"
"""2018-06-24 14:00:00"",532,12.98,39.62,1.980711,43.89018,2.461414,41.19679,0.9224417,41.132,-48.46936,-1.421453,-40.26601,-0.03686116,-40.09497,-0.0542364"
"""2018-06-24 14:30:00"",533,12.83,39.98,3.344385,45.70983,3.92753,42.88189,2.825691,43.04539,-48.88316,-1.504825,-40.28426,-0.03859491,-40.10312,-0.05668627"
"""2018-06-24 15:00:00"",534,12.78,40.35,3.598908,45.80552,4.311482,42.81872,2.999066,43.17319,-48.90894,-1.508481,-40.28362,-0.03343133,-40.10824,-0.05431179"
"""2018-06-24 15:30:00"",535,12.73,40.54,0.6780573,43.20885,1.296179,39.85411,-0.08151616,39.97698,-48.21314,-1.363712,-40.25064,-0.02596865,-40.11054,-0.05427409"
"""2018-06-24 16:00:00"",536,12.7,40.12,-3.073149,38.94984,-2.440442,36.34027,-3.399849,36.50438,-47.46378,-1.214044,-40.21811,-0.02446103,-40.11224,-0.05427409"
"""2018-06-24 16:30:00"",537,12.69,39.3,-5.69112,36.07418,-5.088075,33.7831,-5.769064,34.05047,-46.93702,-1.1113,-40.19817,-0.02189809,-40.0998,-0.0554048"
"""2018-06-24 17:00:00"",538,12.68,38.12,-8.127086,32.62111,-7.314292,31.60667,-7.947415,31.78366,-46.45097,-1.014549,-40.1799,-0.02544098,-40.0836,-0.05427409"
"""2018-06-24 17:30:00"",539,12.67,37.23,-8.122976,32.37748,-7.236463,31.5937,-8.05668,31.65906,-46.42624,-1.010968,-40.17963,-0.02736319,-40.08137,-0.04537917"
"""2018-06-24 18:00:00"",540,12.67,35.71,-12.79243,28.04618,-12.31188,26.45628,-13.36163,26.47196,-45.31807,-0.7945125,-40.13493,-0.02370723,-40.06147,-0.03614504"
"""2018-06-24 18:30:00"",541,12.66,33.77,-16.81801,23.40188,-16.08267,22.56599,-16.5758,22.62902,-44.49807,-0.6323341,-40.10644,-0.02046698,-40.04561,-0.02762904"
"""2018-06-24 19:00:00"",542,12.66,32.26,-20.54864,19.45988,-19.84762,18.57246,-19.96366,18.80044,-43.70745,-0.4833704,-40.07514,-0.01357255,-40.02854,-0.02737129"
"""2018-06-24 19:30:00"",543,12.65,30.78,-23.31787,16.44208,-22.59473,15.69836,-22.61027,15.82052,-43.14895,-0.3902212,-40.06322,-0.01357293,-40.02993,-0.02714585"
"""2018-06-24 20:00:00"",544,12.64,28.92,-24.32627,15.35582,-23.67143,14.64563,-24.11809,15.44922,-43.07856,-0.3814175,-40.0629,-0.0136503,-40.01927,-0.0269989"
"""2018-06-24 20:30:00"",545,12.63,26.93,-27.14067,12.69168,-26.73501,11.91574,-27.68645,12.57247,-42.51008,-0.278864,-40.04168,-0.01361513,-40.00988,-0.01572711"
"""2018-06-24 21:00:00"",546,12.62,24.89,-32.51631,6.932134,-32.04075,6.705273,-33.11003,7.318646,-41.46205,-0.08995224,-40.00283,-0.003469852,-40.00143,-0.01357771"
"""2018-06-24 21:30:00"",547,12.6,23.29,-36.4169,3.285664,-35.73242,2.781501,-36.86038,3.472958,-40.68851,0.04673207,-39.97801,-0.007128481,-40.01139,-0.01357801"
"""2018-06-24 22:00:00"",548,12.59,22.08,-39.22066,0.2995784,-38.45636,0.02522835,-39.61903,0.8851981,-40.16738,0.1333571,-39.96039,-0.005092863,-40.00637,-0.01358088"
"""2018-06-24 22:30:00"",549,12.58,21.04,-42.35622,-2.764251,-41.64991,-3.307504,-42.74773,-2.556068,-39.46867,0.2755684,-39.94578,0,-40,-0.01358222"
"""2018-06-24 23:00:00"",550,12.57,20.1,-45.20452,-5.472549,-44.3142,-6.512012,-45.69975,-5.506656,-38.87327,0.3830218,-39.92718,0.004338803,-40,-0.01358233"
"""2018-06-24 23:30:00"",551,12.56,19.44,-45.7562,-6.109676,-44.79521,-6.831729,-45.93736,-5.62026,-38.85063,0.3847952,-39.92718,0.003584229,-40,-0.01358234"
"""2018-06-25 00:00:00"",552,12.55,18.82,-48.36065,-8.590114,-47.60588,-9.396037,-48.71537,-8.562685,-38.25787,0.4934917,-39.90813,0.01252594,-40,-0.01358234"
"""2018-06-25 00:30:00"",553,12.54,18.28,-53.98018,-14.27952,-53.32305,-14.81029,-54.19931,-14.03805,-37.16376,0.6899858,-39.87157,0.01814762,-40,-0.01358239"
"""2018-06-25 01:00:00"",554,12.52,17.87,-58.38334,-19.09097,-57.91488,-19.15368,-58.71054,-18.5241,-36.27959,0.8457274,-39.83722,0.02709281,-40.00434,-0.01358414"
"""2018-06-25 01:30:00"",555,12.52,17.44,-61.42201,-22.23273,-60.83071,-22.24997,-61.73325,-21.47251,-35.72797,0.9408346,-39.81259,0.02551152,-40.00649,-0.01434087"
"""2018-06-25 02:00:00"",556,12.5,17.11,-62.9264,-24.12454,-62.39059,-23.68051,-63.26864,-22.98328,-35.43968,0.985463,-39.80272,0.01630424,-40.01472,-0.02679632"
"""2018-06-25 02:30:00"",557,12.5,16.81,-65.11827,-26.35204,-64.60298,-25.93062,-65.47025,-25.21481,-34.98026,1.072576,-39.7865,0.01751207,-40.04046,-0.02841937"
"""2018-06-25 03:00:00"",558,12.49,16.41,-67.84914,-28.7289,-67.2455,-29.03306,-68.27581,-28.27422,-34.33428,1.195312,-39.76132,0.02373943,-40.07552,-0.03230676"
"""2018-06-25 03:30:00"",559,12.48,16.14,-69.88032,-31.02158,-69.30079,-30.8896,-70.18666,-30.03989,-33.96014,1.265361,-39.74453,0.02475845,-40.14478,-0.05336654"
"""2018-06-25 04:00:00"",560,12.48,15.95,-70.62209,-31.8402,-69.99984,-31.58091,-70.8739,-30.66798,-33.82639,1.29178,-39.73652,0.01370018,-40.28117,-0.08601297"
"""2018-06-25 04:30:00"",561,12.48,15.9,-70.58521,-32.09231,-70.03725,-31.38186,-70.8185,-30.58552,-33.84424,1.289062,-39.73679,-0.002075785,-40.51623,-0.1409646"
"""2018-06-25 05:00:00"",562,12.47,15.75,-71.22633,-32.7874,-70.8203,-32.05174,-71.54853,-31.36216,-33.67878,1.321709,-39.73498,-0.004793175,-40.86032,-0.2307518"
"""2018-06-25 05:30:00"",563,12.46,15.51,-72.40213,-33.6276,-71.84027,-33.25324,-72.61722,-32.46659,-33.4458,1.365942,-39.72293,-0.01305857,-41.15859,-0.2991017"
"""2018-06-25 06:00:00"",564,12.46,15.29,-73.1208,-34.52584,-72.50645,-34.0177,-73.43414,-33.20708,-33.28778,1.395116,-39.71471,-0.01419082,-41.41361,-0.358054"
"""2018-06-25 06:30:00"",565,12.46,15.31,-72.83729,-34.22112,-71.7067,-33.83201,-72.71014,-32.58733,-33.4187,1.371641,-39.72147,-0.03374094,-41.74121,-0.4457276"
"""2018-06-25 07:00:00"",566,12.46,15.8,-66.09926,-20.16568,-63.73267,-28.33876,-65.52959,-25.00845,-35.016,1.067104,-39.78793,-0.07038797,-42.24275,-0.5352882"
"""2018-06-25 07:30:00"",567,12.47,17.01,-56.13945,-8.905343,-57.46263,-22.03329,-60.47546,-19.47312,-36.10051,0.8823972,-39.82971,-0.1173762,-42.98003,-0.729242"
"""2018-06-25 08:00:00"",568,12.47,18.79,-48.58272,0.4168625,-52.3448,-16.60708,-55.44358,-15.28117,-36.91559,0.7460139,-39.86149,-0.1932294,-43.88486,-0.9762247"
"""2018-06-25 08:30:00"",569,12.49,21.34,-43.189,5.423763,-47.24673,-10.5542,-50.52019,-10.16557,-37.93351,0.5668701,-39.89311,-0.2242724,-43.92225,-0.9951544"
"""2018-06-25 09:00:00"",570,12.5,23.96,-42.77899,9.166814,-46.00226,-8.111341,-48.90187,-8.700204,-38.2266,0.5181659,-39.89832,-0.2096584,-43.00521,-0.7707979"
"""2018-06-25 09:30:00"",571,12.5,26.19,-37.55927,11.46212,-40.85795,-3.88824,-43.59587,-4.093358,-39.15438,0.3492489,-39.92792,-0.1627993,-41.84319,-0.4865521"
"""2018-06-25 10:00:00"",572,12.9,27.91,-35.14019,12.80481,-38.28391,-0.6501605,-40.89376,-1.330748,-39.71467,0.2447409,-39.94312,-0.1263872,-41.04266,-0.2911319"
"""2018-06-25 10:30:00"",573,12.85,29.02,-33.23285,9.652341,-34.34,4.823794,-36.06679,4.06823,-40.80825,0.03699936,-39.96967,-0.1013805,-40.60998,-0.1747003"
"""2018-06-25 11:00:00"",574,12.86,30.02,-29.51976,14.2507,-31.16197,8.118949,-32.66244,6.585476,-41.31453,-0.05042507,-39.98869,-0.08365282,-40.42162,-0.1183888"
"""2018-06-25 11:30:00"",575,12.86,30.53,-28.27998,15.92917,-29.39749,9.589637,-30.69923,8.487624,-41.69746,-0.1225592,-40.00422,-0.06373124,-40.30233,-0.08533924"
"""2018-06-25 12:00:00"",576,13.14,31.05,-25.87909,16.82064,-25.94387,13.24472,-26.92708,12.59083,-42.51644,-0.2732026,-40.03446,-0.05866749,-40.23878,-0.06933784"
"""2018-06-25 12:30:00"",577,13.17,31.4,-24.80764,16.93673,-24.46583,15.99023,-25.47782,14.67703,-42.9272,-0.3472088,-40.0489,-0.05553681,-40.20039,-0.05508438"
"""2018-06-25 13:00:00"",578,13.18,31.83,-22.3987,19.0071,-22.26365,17.38793,-23.31191,16.66709,-43.31063,-0.4150362,-40.061,-0.05308602,-40.174,-0.05681863"
"""2018-06-25 13:30:00"",579,13.21,32.37,-20.39179,22.35636,-20.23909,19.27553,-21.67557,18.45183,-43.64793,-0.4726424,-40.07125,-0.0478449,-40.16566,-0.05429205"
"""2018-06-25 14:00:00"",580,13.18,33.1,-18.01371,23.52545,-17.43345,22.01385,-18.9222,21.29515,-44.22594,-0.5804118,-40.09248,-0.04682504,-40.16381,-0.05428995"
"""2018-06-25 14:30:00"",581,12.85,34.15,-14.7341,27.14679,-14.18064,25.20523,-15.16235,24.92669,-44.99693,-0.7310335,-40.12207,-0.05221666,-40.16788,-0.05436566"
"""2018-06-25 15:00:00"",582,12.79,34.81,-12.45411,29.03641,-11.88347,27.32773,-13.11526,26.81817,-45.40303,-0.8117756,-40.13676,-0.04651672,-40.17054,-0.05801365"
"""2018-06-25 15:30:00"",583,12.74,35.32,-11.73774,29.75541,-10.99435,28.03664,-12.02714,28.08601,-45.67385,-0.8647949,-40.14703,-0.03984,-40.16463,-0.05465278"
"""2018-06-25 16:00:00"",584,12.7,35.96,-10.38293,30.86745,-9.466639,29.66166,-10.64371,29.63557,-46.00303,-0.9285792,-40.16022,-0.03644665,-40.16885,-0.05913629"
"""2018-06-25 16:30:00"",585,12.7,36.24,-9.589808,30.90114,-8.557016,30.55398,-9.386091,30.87638,-46.26896,-0.981042,-40.17191,-0.03026535,-40.1638,-0.05864618"
"""2018-06-25 17:00:00"",586,12.69,36.2,-8.498335,31.9509,-7.432076,31.32644,-8.614609,31.60019,-46.42262,-1.011081,-40.17662,-0.02777778,-40.14658,-0.05623399"
"""2018-06-25 17:30:00"",587,12.68,35.87,-8.607108,31.48376,-7.513072,31.65827,-8.377914,31.86677,-46.47991,-1.024197,-40.18058,-0.02747626,-40.1367,-0.05427409"
"""2018-06-25 18:00:00"",588,12.67,35.44,-10.40057,29.53543,-9.230998,30.06197,-10.07677,30.17798,-46.11657,-0.9519073,-40.16783,-0.02962461,-40.12061,-0.0526911"
"""2018-06-25 18:30:00"",589,12.67,34.58,-12.34941,27.5186,-11.09732,27.87127,-11.5354,28.3438,-45.72329,-0.8746117,-40.1525,-0.02879569,-40.09999,-0.04074366"
"""2018-06-25 19:00:00"",590,12.66,33.51,-16.33198,23.47977,-15.02609,24.09505,-15.21008,24.4461,-44.88857,-0.7103698,-40.11897,-0.02706537,-40.08496,-0.03483023"
"""2018-06-25 19:30:00"",591,12.65,32.3,-21.39891,18.32889,-20.14006,19.14696,-19.90823,19.71804,-43.89053,-0.5146861,-40.08015,-0.02024511,-40.06737,-0.02714433"
"""2018-06-25 20:00:00"",592,12.64,30.5,-25.74316,14.12646,-24.48774,14.78164,-24.12294,15.7175,-43.12625,-0.38448,-40.05994,-0.01696572,-40.05614,-0.0285024"
"""2018-06-25 20:30:00"",593,12.63,28.04,-34.47875,5.601308,-33.4268,6.327681,-33.48565,6.748211,-41.34434,-0.0627737,-39.9977,-0.006372523,-40.03428,-0.0271496"
"""2018-06-25 21:00:00"",594,12.62,25.13,-41.58938,-1.42528,-40.8932,-2.08386,-41.83543,-1.805674,-39.62081,0.2504664,-39.94697,-0.001357704,-40.01429,-0.01617965"
"""2018-06-25 21:30:00"",595,12.61,22.78,-46.86066,-6.757843,-46.15864,-7.666701,-47.1186,-7.240427,-38.52389,0.4518805,-39.91555,0.001018343,-40.00034,-0.0135779"
"""2018-06-25 22:00:00"",596,12.6,21.07,-49.81332,-9.727879,-49.08568,-10.77482,-50.03918,-10.20747,-37.92784,0.5589046,-39.89407,0.01052562,-40.00317,-0.01358115"
"""2018-06-25 22:30:00"",597,12.58,19.92,-51.09771,-11.06693,-50.22415,-12.24202,-51.21278,-11.25881,-37.71769,0.5942609,-39.89081,0.008752998,-40.00003,-0.01358225"
"""2018-06-25 23:00:00"",598,12.58,19.1,-53.52057,-13.48285,-52.79384,-14.61357,-53.81078,-13.93042,-37.18551,0.68953,-39.87059,0.01218637,-40.00094,-0.01569514"
"""2018-06-25 23:30:00"",599,12.57,18.3,-57.99796,-18.05161,-57.2919,-19.15574,-58.30311,-18.50484,-36.28278,0.8455762,-39.83871,0.01358234,-40.01305,-0.02701377"
"""2018-06-26 00:00:00"",600,12.55,17.66,-59.86712,-19.9683,-59.20495,-21.13092,-60.15337,-20.45282,-35.91254,0.9077187,-39.82129,0.01358405,-40.01407,-0.0271681"
"""2018-06-26 00:30:00"",601,12.54,17.06,-62.37742,-22.48411,-61.68425,-23.65009,-62.59208,-22.91472,-35.45238,0.9809731,-39.80477,0.01358635,-40.02977,-0.02717271"
"""2018-06-26 01:00:00"",602,12.53,16.64,-63.4818,-23.72954,-62.70334,-24.86812,-63.56196,-23.75912,-35.28259,1.011357,-39.79616,0.01215273,-40.03981,-0.03007991"
"""2018-06-26 01:30:00"",603,12.52,16.29,-64.85612,-25.09767,-64.08978,-26.10333,-64.9761,-25.14352,-34.99317,1.067897,-39.78986,0.003434479,-40.07529,-0.03374093"
"""2018-06-26 02:00:00"",604,12.5,15.95,-65.69459,-26.8539,-64.93983,-27.12439,-65.89862,-25.88828,-34.83533,1.098128,-39.78257,0.007548308,-40.10843,-0.04449727"
"""2018-06-26 02:30:00"",605,12.49,15.58,-68.82249,-29.294,-68.13107,-30.03509,-68.98939,-29.13726,-34.14651,1.230336,-39.75351,0.01060537,-40.17987,-0.06144323"
"""2018-06-26 03:00:00"",606,12.49,15.24,-69.63775,-30.58619,-68.45346,-31.84533,-69.82234,-29.81125,-34.00362,1.256152,-39.74547,0.01358695,-40.2454,-0.07933272"
"""2018-06-26 03:30:00"",607,12.48,14.9,-70.87782,-33.00947,-70.02521,-32.44746,-71.44293,-31.03555,-33.74298,1.305178,-39.7349,0.0136247,-40.2871,-0.08348428"
"""2018-06-26 04:00:00"",608,12.47,14.52,-74.13277,-36.81159,-73.28894,-36.08144,-74.23946,-34.00747,-33.11541,1.423271,-39.70984,0.0220788,-40.31839,-0.08748489"
"""2018-06-26 04:30:00"",609,12.47,14.49,-73.22282,-37.53022,-72.06702,-34.34371,-72.73351,-32.46886,-33.44063,1.362885,-39.72599,0.01358695,-40.42319,-0.1162439"
"""2018-06-26 05:00:00"",610,12.46,14.49,-73.75173,-37.11681,-72.91583,-35.03973,-73.65398,-33.51603,-33.21962,1.405004,-39.7135,0.001019022,-40.61454,-0.1602506"
"""2018-06-26 05:30:00"",611,12.46,14.52,-72.23746,-35.36961,-70.82109,-32.80548,-71.57687,-31.22836,-33.70229,1.314434,-39.73562,-0.01166222,-40.77929,-0.2000317"
"""2018-06-26 06:00:00"",612,12.45,14.54,-71.7547,-34.25403,-70.85956,-32.33008,-71.64698,-31.25536,-33.69616,1.31732,-39.73373,-0.007586211,-40.97824,-0.2438153"
"""2018-06-26 06:30:00"",613,12.45,14.64,-72.66304,-34.32122,-71.51218,-33.92372,-72.64703,-32.50856,-33.43284,1.36553,-39.72241,-0.01320956,-41.2106,-0.2976304"
"""2018-06-26 07:00:00"",614,12.46,15.26,-67.85066,-16.07337,-65.70626,-29.65244,-67.94456,-26.34538,-34.73403,1.119301,-39.77574,-0.05106432,-41.71769,-0.41444"
"""2018-06-26 07:30:00"",615,12.46,16.74,-55.95403,3.722563,-57.39825,-21.62765,-60.99747,-19.09696,-36.17927,0.8637909,-39.8336,-0.1028835,-42.53668,-0.6094884"
"""2018-06-26 08:00:00"",616,12.46,18.79,-47.4504,11.63444,-51.41779,-13.69139,-55.79965,-13.74321,-37.21923,0.6914453,-39.87176,-0.1839844,-43.56726,-0.8614259"
"""2018-06-26 08:30:00"",617,12.48,21.64,-41.61066,14.65629,-45.16361,-7.823048,-49.50557,-8.097381,-38.35041,0.4897913,-39.90816,-0.2464971,-43.71886,-0.9077755"
"""2018-06-26 09:00:00"",618,12.48,24.89,-35.85004,17.89436,-39.30333,-0.6664895,-42.29734,-1.716601,-39.6378,0.2552662,-39.94363,-0.2840113,-42.84628,-0.7248592"
"""2018-06-26 09:30:00"",619,12.49,27.34,-33.65711,16.88867,-36.43723,4.013179,-39.29063,1.506088,-40.28952,0.1306181,-39.95263,-0.2642896,-41.66382,-0.456879"
